name,id_author,gender
Claudia Marinica,1,female
Julien Longhi,2,male
Nader Hassine,3,male
Abdulhafiz Alkhouli,4,male
Boris Borzic,5,male
Marius Barctus,6,male
Marc Boullé,7,male
Fabrice Clérot,8,male
Jean-Benoît Griesner,9,male
Talel Abdesssalem,10,male
Hubert Naacke,11,male
Pierre Dosne,12,male
Abdeljalil Elouardighi,13,male
Mohcine Maghfour,14,male
Hafdalla Hammia,15,male
Fatima-Zahra Aazi,16,female
Elyase Lassouli,17,male
Yasmine Mesbahi,18,female
Camille Pradel,19,female
Damien Sileo,20,male
Marwan Batrouni,21,male
Aurélie Bertaux,22,female
Christophe Nicolle,23,male
Romain Billot,24,male
Sofian Berrouiguet,25,male
Mark Larsen,26,male
Michel Walter,27,male
Jorge López Castroman,28,male
Enrique Baca-García,29,male
Philippe Courtet,30,male
Philippe Lenca,31,male
Vincent Lemaire,32,male
Oumaima Alaoui Ismaili,33,female
Khalil Laghmari,34,male
Christophe Marsala,35,male
Mohammed Ramdani,36,male
Emmanuelle Claeys,37,female
Pierre Gançarski,38,male
Myriam Maumy-Bertrand,39,female
Fosca Giannotti,40,female
Denis Maurel,41,male
Jérémie Sublime,42,male
Sylvain Lefebvre,43,male
Bastien Latard,44,male
Jonathan Weber,45,male
Germain Forestier,46,male
Michel Hassenforder,47,male
Étienne-Cuvelier,48,male
Marie-Aude-Aufaure,49,female
Santo Fortunato,50,male
Marwan Ghanem,51,male
Clémence Magnien,52,female
Fabien Tarissan,53,male
Julien Hay,54,male
Tim Van de Cruys,55,male
Philippe Muller,56,male
Bich-Liên Doan,57,female
Fabrice Popineau,58,male
Lyes Benamsili,59,male
Badre Belabbess,60,male
Jérémy Lhez,61,male
Musab Bairat,62,male
Olivier Curé,63,male
Philippe Martin,64,male
Jun Jo,65,male
Alain Gély,66,male
Miguel Couceiro,67,male
Yassine Namir,68,male
Amedeo Napoli,69,male
Simon Ser,70,male
Fatiha Saïs,71,female
Maguelonne Teisseire,72,female
Justine Reynaud,73,female
Esther Galbrun,74,female
Mehwish Alam,75,female
Yannick Toussaint,76,male
Lamine Diop,77,male
Cheikh Talibouya Diop,78,male
Arnaud Giacometti,79,male
Dominique Li,80,Non indicatif
Arnaud Soulet,81,male
Antoine Laumond,82,male
Norbert Feron,83,male
Guy Melançon,84,male
Bruno Pinaud,85,male
Nicolas Faure,86,male
René-Michel Faure,87,male
Nacéra Bennacer Seghouani,88,female
Francesca Bugiotti,89,female
Jorge Galicia,90,male
Mariana Patricio,91,female
Gianluca Quercini,92,male
Rémy Kessler,93,male
Guy Lapalme,94,male
Fabrizio Gotti,95,male
Abdessamad Outerqiss,96,male
Philippe Langlais,97,male
Lucie Martinet,98,female
Hussein T. Al-Natsheh,99,male
Fabien Rico,100,male
Fabrice Muhlenbach,101,male
Djamel A. Zighed,102,male
Kévin Deturck,103,male
Damien Nouvel,104,male
Frédérique Segond,105,female
Yelen Per,106,male
Kevin Dalleau,107,male
Malika Smail-Tabbone,108,female
Charles Huyghues-Despointes,109,male
Leila Khouas,110,female
Julien Velcin,111,male
Sabine Loudcher,112,female
Iwo Doboszewski,113,male
Simon Fossier,114,male
Jerry Lonlac,115,male
Benjamin Négrevergne,116,male
Yannick Miras,117,male
Aude Beauger,118,female
Engelbert Mephu Nguifo,119,male
Katerina Tsesmeli,120,female
Manel Boumghar,121,male
Thomas Guyet,122,male
Rene Quiniou,123,male
Laurent Pierre,124,male
Hamdi Ben Hamadou,125,male
Faiza Ghozzi,126,female
André Péninou,127,male
Olivier Teste,128,male
Sarra Bouzayane,129,female
Inès Saad,130,female
Marie Al Ghossein,131,female
Talel Abdessalem,132,male
Anthony Barré,133,male
Claire Nédellec,134,female
Estelle Chaix,135,female
Robert Bossy,136,male
Louise Deléger,137,female
Sandra Dérozier,138,female
Jean-Baptiste Bohuon,139,male
Valentin Loux,140,male
Ernesto Estrada,141,male
Haolin Ren,142,male
Marie-Luce Viaud,143,female
Gaël Beck,144,male
Hanane Azzag,145,female
Mustapha Lebbah,146,male
Tarn Duong,147,male
Rostand Affogbolo,148,male
Claire Gauzente,149,female
Alain Guénoche,150,male
Pascale Kuntz,151,female
Thi-Bich-Ngoc Hoang,152,female
Josiane Mothe,153,female
Iuri D. Nogueira,154,male
Maram Romdhane,155,female
Jérôme Darmont,156,male
Haikel Megrahi,157,male
Nouha Omrane,158,female
Rakia Jaziri,159,female
Zaineb Chelly Dagdia,160,female
Christine Zarges,161,female
Erick Stattner,162,male
Reynald Eugenie,163,male
Martine Collard,164,female
Robin Brochier,165,male
Adrien Guille,166,male
Benjamin Rothan,167,male
François Di Cioccio,168,male
Colin Leverger,169,male
Régis Marguerie,170,male
Simon Malinowski,171,male
Pierrick Bruneau,172,male
Philippe Pinheiro,173,male
Yoann Didry,174,male
Jannaï Tokotoko,175,male
Frédéric Flouvat,176,male
Claire Goiran,177,female
Laetitia Hédouin,178,female
Antoine Collin,179,male
Nazha Selmaoui-Folcher,180,female
Pascal Cuxac,181,male
Nicolas Kieffer,182,male
Alexandre Blansché,183,male
Xavier Mazur,184,male
Antoine Cornuéjols,185,male
Haithem Ghorbel,186,male
Nouha Othman,187,female
Rim Faiz,188,female
Christopher Kermorvant,189,male
Md Shadman Rafid,190,male
Mohammad Mazedul Islam,191,male
Md Naimul Hoque,192,male
Chowdhury Farhan Ahmed,193,male
Vivien Kraus,194,female
Khalid Benabdeslem,195,male
Frederic Cherqui,196,male
Salma Chaieb,197,female
Véronique Delcroix,198,female
Ali Ben Mrad,199,male
Emmanuelle Grislin-Le Strugeon,200,female
Roberto Marroquin,201,male
Julien Dubois,202,male
Emna Amdouni,203,female
Bernard Gibaud,204,male
Gamze Saygi,205,female
Jean-Yves Blaise,206,male
Iwona Dudek,207,female
Aichetou Bouchareb,208,female
Fabrice Rossi,209,male
Hemza Ficel,210,male
Mohamed Ramzi Haddad,211,male
Hajer Baazaoui Zghal,212,female
Luciano Gervasoni,213,male
Serge Fenet,214,male
Peter Sturm,215,male
Tita Kyriacopoulou,216,female
Claude Martineau,217,male
Cristian Martinez,218,male
Thomas Raimbault,219,male
Abdellah Sabry,220,male
Sonia Djebali,221,female
Clément Christophe,222,male
Rabia Azzi,223,female
Sylvie Desprès,224,female
Jérôme Nobécourt,225,male
Ioannis Partalas,226,male
Cédric Lopez,227,male
Pierre-Alain Avouac,228,male
Matthieu Osmuk,229,male
Domoina Rabarijaona,230,female
Dana Popovici,231,female
Lynda Khiali,232,female
Dino Ienco,233,male
Nicolas Médoc,234,male
Mohammad Ghoniem,235,male
Mohamed Nadif,236,male
Françoise Fessant,237,female
Tarek Benkhelif,238,male
Pierre-René Lhérisson,239,male
Pierre Maret,240,male
Gaëtan Caillaut,241,male
Guillaume Cleuziou,242,male
Oussama Ahmia,243,male
Nicolas Béchet,244,male
Pierre-François Marteau,245,male
Roland Kotto-Kombi,246,male
Nicolas Lumineau,247,male
Phillipe Lamarre,248,male
William Raynaut,249,male
Chantal Soulé-Dupuy,250,female
Nathalie Vallès-Parlangeau,251,female
Julien Ah-Pine,252,male
Xinyu Wang,253,female
François Meunier,254,male
Laurent Castanié,255,male
Bruno Conche,256,male
Ayoub Karine,257,male
Abdelmalek Toumi,258,male
Ali Khenchaf,259,male
Mohammed El Hassouni,260,male
Florent Domenach,261,male
George Portides,262,male
Hubert Wassner,263,male
Guillaume Bosc,264,male
Jean-François Boulicaut,265,male
Chedy Raïssi,266,male
Mehdi Kaytoue,267,male
Freddy Lécué,268,male
Vincent Levorato,269,male
Michel Lutz,270,male
Matthieu Lagacherie,271,male
Moditha Hewasinghage,272,male
Suela Isaj,273,female
Cédric Maigrot,274,male
Vincent Claveau,275,male
Ewa Kijak,276,female
Wen Zhang,277,Non indicatif
Raja Chiky,278,male
Manuel Pozo,279,male
Jérémy Vizzini,280,male
Cyril Labbé,281,male
François Portet,282,male
Anne Toulet,283,female
Emmanuel Roux,284,male
Anne-Elisabeth Laques,285,female
Eric Delaître,286,male
Laurent Demagistri,287,male
Isabelle Mougenot,288,female
Yann Dauxais,289,male
David Gross-Amblard,290,male
André Happe,291,male
Elena Cabrio,292,female
Zhi Cheng,293,Non indicatif
Benjamin Hervy,294,male
Matthieu Quantin,295,male
Pierre Teissier,296,male
Harold Vilmart,297,male
Jean-Claude Léon,298,male
Federico Ulliana,299,male
Adrien Dufraux,300,male
Benjamin Renoust,301,male
Shin’Ichi Satoh,302,male
Olivier Parisot,303,male
Thomas Tamisier,304,male
Maxime Lefrançois,305,male
Antoine Zimmermann,306,male
Noorani Bakerally,307,male
Brieuc Conan-Guez,308,male
Lydia Boudjeloud-Assala,309,female
Mohamed Guendouz,310,male
Abdelmalek Amine,311,male
Reda Mohamed Hamou,312,female
Claudia d’Amato,313,female
Benjamin Costé,314,male
Cyril Ray,315,male
Gouenou Coatrieux,316,male
Hippolyte Léger,317,male
Dominique Bouthinon,318,Non indicatif
Mohamed Boussahoua,319,male
Omar Boussaid,320,male
Damien Leprovost,321,male
Marie-Christine Jaulent,322,female
Oana Andrei,323,female
Maribel Fernández,324,female
Hélène Kirchner,325,female
Jason Vallet,326,male
Dylan Da Conceicao,327,male
Dylan Koby,328,male
Jérémy Roos,329,male
Stéphane Bonnevay,330,male
Gérald Gavin,331,male
Adnan El Moussawi,332,male
Philippe De Guis,333,male
Nicolas Labroche,334,male
Gildas Tagny Ngompé,335,male
Sébastien Harispe,336,male
Guillaume Zambrano,337,male
Jacky Montmain,338,male
Stéphane Mussard,339,male
Olfa Allani,340,female
Nedra Mellouli,341,female
Hajer Baazaoui,342,female
Herman Akdag,343,male
Sènami C Fréjus Ahomagnon,344,male
Nicolas Voisine,345,male
Ibrahim Louhi,346,male
Andrés Troya-Galvis,347,male
Laure Berti-Equille,348,female
Oualid Benyahia,349,male
Christine Largeron,350,female
Baptiste Jeudy,351,male
Osmar R. Zaïane,352,male
Marie Pailloux,353,female
Jean-Luc Peiry,354,male
Didier Henry,355,male
Abdelhamid Boudane,356,male
Said Jabbour,357,male
Lakhdar Sais,358,male
Yakoub Salhi,359,male
Dominique Cardon,360,Non indicatif
Hosna Ouni,361,female
Arnaud Martin,362,male
Laetitia Gros,363,female
Mouloud Kharoune,364,male
Zoltan Miklos,365,male
Nicolas Dugué,366,male
Jean-Charles Lamirel,367,male
Noureddine Azzouza,368,male
Karima Akli-Astouati,369,female
Samy Ait-Bachir,370,male
Amira Oussalah,371,female
Christophe Brouard,372,male
Christian Pomot,373,male
Maisa Cristina Duarte,374,female
Franck Meyer,375,male
Sylvie Tricot,376,female
Wissam Siblini,377,female
Mounia Lalmas,378,female
Julio Cesar Dos Reis,379,male
Younes Abid,380,male
Abdessamad Imine,381,male
Marc Rigolot,382,male
Michaël Rusinowitch,383,male
Bruno Guerraz,384,male
Dominique Gay,385,Non indicatif
Eric Kergosien,386,male
Marie-Noëlle Bessagnet,387,female
Christian Sallaberry,388,male
Annig Le Parc - Lacayrelle,389,female
Albert Royer,390,male
Sofiane Bouzid,391,male
Adrian Tanasescu,392,male
Louis-Victor Pasquier,393,male
Suzanne Pinson,394,female
Yoanne Didry,395,male
Benoît Otjacques,396,male
Rallou Thomopoulos,397,female
Sébastien Gaucel,398,male
Bernard Moulin,399,male
Cédric Dray,400,male
Philippe Valet,401,male
Coriane Nana Jipmo,402,female
Nacéra Bennacer,403,female
Ahmed Cheriat,404,male
Lydia Boudjeloud,405,female
Dhouha-Grissa,406,female
Blandine Comte,407,female
Estelle Pujos-Guillot,408,female
Sandra Bringay,409,female
Jérôme Azé,410,male
Frédéric Rayar,411,male
Sabine Barrat,412,female
Fatma Bouali,413,female
Gilles Venturini,414,male
M. Nidhal Jelassi,415,male
Sadok Ben Yahia,416,male
Quentin Labernia,417,male
Victor Codocedo,418,male
Celine Robardet,419,female
Olivier Cavadenti,420,male
Julien Aligon,421,male
Fabrice Guillet,422,male
Julien Blanchard,423,male
Fabien Picarougne,424,male
Clément Iphar,425,male
Aldo Napoli,426,male
Lucile Sautot,427,female
Sandro Bimonte,428,male
Ludovic Journaux,429,male
Arnaud Larrère,430,male
Kévin Saint-Paul,431,male
Bruno Faivre,432,male
Aurélien Bossard,433,male
Mario Cataldi,434,male
Myriam Lamolle,435,female
Chan Le Duc,436,male
Peggy Cellier,437,female
Sébastien Ferré,438,male
Annie Foret,439,female
Olivier Ridoux,440,male
Amadou Fall Dia,441,male
Zakia Kazi Aoul,442,female
Aliou Boly,443,male
Yoann Dupont,444,male
Isabelle Tellier,445,female
Christian Lautier,446,male
Marco Dinarelli,447,male
Jérôme Euzenat,448,male
Julien Subercaze,449,male
Christophe Gravier,450,male
Frédérique Laforest,451,female
Ali Jaffal,452,male
Bénédicte Le Grand,453,female
Manuele Kirsh-Pinheiro,454,male
Benjamin Billet,455,male
David Fernandez,456,male
Didier Parigot,457,male
Toon Calders,458,male
Abdoul-Djawadou Salaou,459,male
Yves Moinard,460,male
Torsten Schaub,461,male
Hatim Chahdi,462,male
Nistor Grozavu,463,male
Younès Bennani,464,male
Jean Petit,465,male
Jean-Charles Risch,466,male
Wedjene Khiari,467,female
Mathieu Roche,468,male
Asma Bouhafs Hafsia,469,female
Cristina Nica,470,female
Agnès Braud,471,female
Xavier Dolques,472,male
Marianne Huchard,473,female
Florence Le Ber,474,female
Zina Bouattou,475,female
Robert Laurini,476,male
Hafida Belbachir,477,female
Yves Mercadier,478,male
Jessica Pinaire,479,female
Marcin Detyniecki,480,male
Saso Dzeroski,481,male
Sathya Prabhu Kumar,482,female
Eric Gressier-Soudan,483,male
Houda Zaidi,484,female
Faouzi Boufarès,485,male
Yann Pollet,486,male
Nicolas Lachiche,487,male
Alain Shakour,488,male
Amine Abdaoui,489,male
Mohamed Nader Jelassi,490,male
Baptiste de La Robertie,491,male
Yoann Pitarch,492,male
Lionel Martin,493,male
Matthieu Exbrayat,494,male
Teddy Debroutelle,495,male
Aladine Chetouani,496,male
Sylvie Treuillet,497,female
Sébastien Jesset,498,male
Thanh-Nghi Do,499,male
François Poulet,500,male
Djamal Belkasmi,501,male
Allel HadjAli,502,male
Hamid Azzoune,503,male
Julien Cumin,504,male
Jean-Marc Petit,505,male
Fabien Rouge,506,male
Vasile-Marian Scuturici,507,male
Christian Surace,508,male
Sabine Surdu,509,female
Asma Gharbi,510,female
Cyril de Runz,511,male
Sami Faiz,512,male
Mira Abboud,513,female
Hala Naja,514,female
Mourad Oussalah,515,male
Mohamad Dbouk,516,male
Gaël Bardury,517,male
Teddy Boula,518,male
Rafik Abdesselam,519,male
Jules Chevalier,520,male
Sébastien Da Silva,521,male
Claire Lavigne,522,female
Mojdeh Soltanmohammadi,523,female
Thérèse Libourel,524,female
Christophe Fagot,525,male
Edmundo-Pavel Soriano-Morales,526,male
Ciprian-Octavian Truica,527,male
Tias Guns,528,male
Pierre-Loup Barazzutti,529,male
Amélie Cordier,530,female
Béatrice Fuchs,531,female
Otman Manad,532,male
Nourredine Aliane,533,male
Gilles Bernard,534,male
Guillaume Cabanac,535,male
Gilles Hubert,536,male
Hong Diep Tran,537,Non indicatif
Cécile Favre,538,female
Rabah Mazouzi,539,male
Rabih Taleb,540,male
Lynda Seddiki,541,female
Kevin Guelton,542,male
Céline Alec,543,female
Chantal Reynaud,544,female
Brigitte Safar,545,female
Fatma Chamekh,546,female
Danielle Boulanger,547,female
Guilaine Talens,548,female
Quentin Brabant,549,male
Fabien Labernia,550,male
Samir Amir,551,male
Djamel Abdelkader Zighed,552,male
Aimene Belfodil,553,male
Marc Plantevit,554,male
Julien Zarka,555,male
Perrine Pittet,556,female
Kenza Kellou-Menouer,557,female
Zoubida Kedad,558,female
Thomas Dietenbeck,559,male
Ahlem Othmani,560,female
Marco Attene,561,male
Jean-Marie Favreau,562,male
Marion Moulinou,563,female
Mohamed Dermouche,564,male
Eric Fourboul,565,male
Brice Olivier,566,male
David Pierrot,567,male
Nouria Harbi,568,female
Mohamed Chebel,569,male
Chiraz Latiri,570,female
Clément Charnay,571,male
Morten Middelfart,572,male
David Taniar,573,male
Thomas Baudel,574,male
Violaine Antoine,575,female
David Werner,576,male
Christophe Cruz,577,male
Mohammed Ghesmoune,578,male
Pierre Maillot,579,male
David Genest,580,male
Patricia Conde-Céspedes,581,female
Jean-François Marcotorchino,582,male
Emmanuel Viennet,583,male
Blaise Hanczar,584,male
Lougmiri Zekri,585,male
Hadjer Belaicha,586,female
William Correa Beltran,587,male
Hélène Jaudoin,588,female
Olivier Pivert,589,male
Jérémy Ferrero,590,male
Alain Simac-Lejeune,591,male
Natalia Grabar,592,female
Niña Kerry,593,female
Fethi Belghaouti,594,male
Amel Bouzeghoub,595,male
Zakia Kazi-aoul,596,female
Kheira Mechach,597,female
Mustapha Kamel Abdi,598,male
Chengcheng Mu,599,male
Jérémy Sanhes,600,male
Elisabeth Métais,601,female
C. Thao,602,female
R. Trinquart,603,male
Laura Giustarini,604,female
Olivier Faber,605,male
Renaud Hostache,606,male
Ivonne Trebs,607,female
Fadhela Kerdjoudj,608,female
Cédric Pruski,609,male
Chantal Reynaud-Delaître,610,female
Jordan Frery,611,male
Mihaela Juganaru-Mathieu,612,female
Benjamin Gras,613,male
Armelle Brun,614,female
Anne Boyer,615,female
Meryem Talha,616,female
Siham Boulaknadel,617,female
Driss Aboutajdine,618,male
Papantoniou Katerina,619,female
Athanasiadis Marios - Lazaros,620,male
Fundulaki Irini,621,female
Georgis Christos,622,male
Stavrakas Yannis,623,male
Troullinos Michalis,624,male
Tsitsanis Anastasios,625,male
Ioanna Giannopoulou,626,female
Torben Bach Pedersen,627,male
Yuichiro Kase,628,male
Takao Miura,629,male
Tugdual Sarazin,630,male
Meriem Amina Zingla,631,female
Mohamed Ettaleb,632,male
Yahia Slimani,633,male
Aghiles Salah,634,male
Nicoleta Rogovschi,635,female
François Role,636,male
Bertjan Broeksema,637,male
Bruno Crémilleux,638,male
Lionel Tabourier,639,male
Anne-Sophie Libert,640,female
Renaud Lambiotte,641,male
Ted Gueniche,642,male
Philippe Fournier-Viger,643,male
Ilef Ben Slima,644,male
Amel Borgi,645,male
Sayda Elmi,646,female
Karim Benouaret,647,male
Mohamed Anis Bach Tobji,648,male
Boutheina Ben Yaghlane,649,female
Vincent Besson,650,male
Alain Berger,651,male
Manel Achichi,652,male
Zohra Bellahsene,653,female
Konstantin Todorov,654,male
Dan Simovici,655,male
Rosanne Vetro,656,female
Kaixun Hua,657,male
Charles Bouveyron,658,male
Julien Jacques,659,male
Marc Legeay,660,male
Stéphane Loiseau,661,male
Issam Falih,662,male
Manel Hmimida,663,male
Rushed Kanawati,664,male
Mariem Mahfoudh,665,female
Laurent Thiry,666,male
Sandra Mellot,667,female
Tony Bourdier,668,male
Moez Baccouche,669,male
Mahfoud Bala,670,male
Oussama Mokeddem,671,male
Zaia Alimazighi,672,male
Rami BELKAROUI,673,male
Aymen Elkhlifi,674,male
Marc Le Pouliquen,675,male
Fabien De Marchi,676,male
Moustafa Bensafi,677,male
Masaharu Hirota,678,male
Masaki Endo,679,male
Shohei Yokoyama,680,male
Hiroshi Ishikawa,681,male
Zakaria Boulouard,682,male
Amine El Haddadi,683,male
Anass El Haddadi,684,male
Lahcen Koutti,685,male
Abdelhadi Fennan,686,male
Romain Tavenard,687,male
Thomas Hecht,688,male
Patrice Buche,689,male
Juliette Dibie-Barthélemy,690,female
Liliana Ibanescu,691,female
Cássia Trojahn dos Santos,692,female
Benjamin Duthil,693,male
Mickaël Coustaty,694,male
Vincent Courboulay,695,male
Jean-Marc Ogier,696,male
Billel Arres,697,male
Nadia Kabachi,698,female
Fadila Bentayeb,699,female
Adrien Guilhot-Gaudeffroy,700,male
Julie Bernauer,701,female
Christine Froidevaux,702,female
Carine Hue,703,female
Marie Arcadias,704,female
Edmond Lassalle,705,male
Christel Vrain,706,female
Pierre-Nicolas Mougel,707,male
Alexandra Degeest,708,female
Benoît Frénay,709,male
Michel Verleysen,710,male
Jim Hendler,711,male
Sameh Megrhi,712,female
Azeddine Beghdadi,713,male
Wided Souidène,714,female
Henri Ralambondrainy,715,male
Yves Lechevallier,716,male
Jean Daniel Lan-Sun-Luk,717,male
Jean-Pierre Chabriat,718,male
Christophe Salperwyck,719,male
Patrick Gros,720,male
Romain Guigourès,721,male
Thomas Baerecke,722,male
Thierry Despeyroux,723,male
Khaled Dehdou,724,male
Dominique Haoyuan Li,725,Non indicatif
Boris Baldassari,726,male
Flavien Huynh,727,male
Philippe Preux,728,male
Flavien Bouillot,729,male
Pascal Poncelet,730,male
Thomas Lebarbé,731,male
Caroline Collet,732,female
Alexandre Pauchet,733,male
Laurent Vercouter,734,male
Khaled Khelif,735,male
Albert Bifet,736,male
Bernhard Pfahringer,737,male
Alban Meffre,738,male
Christophe Collet,739,male
Nesrine Hassini,740,female
Khaoula Mahmoudi,741,female
Blaise Ngonmang,742,male
Audrey Laplante,743,female
Dominic Forest,744,male
Adrien Gressin,745,male
Nicole Vincent,746,female
Clément Mallet,747,male
Nicolas Paparoditis,748,male
Claude Pasquier,749,male
Lina Fahed,750,female
François Rioult,751,male
Régis Clouard,752,male
Mehdi Kaytoue-Uberall,753,male
Chiheb-Eddine Ben N’Cir,754,male
Nadia Essoussi,755,female
Ghada Landoulsi,756,female
Elise Desmier,757,female
Hela Masmoudi,758,female
Chiheb-Eddine Ben N&#146;Cir,759,male
Vincent Labatut,760,male
Anthony Perez,761,male
Duc Kinh Le Tran,762,male
Cécile Bothorel,763,female
Pascal Cheung Mon Chan,764,male
Mathieu Castets,765,male
Pascal Degenne,766,male
Danny Lo Seen,767,male
Abdelfettah Feliachi,768,male
Nathalie Abadie,769,female
Fayçal Hamdi,770,male
Sébastien Heymann,771,male
Bissan Audeh,772,female
Philippe Beaune,773,male
Michel Beigbeder,774,male
Pierre Chauveau Thoumelin,775,male
Didier Dubois,776,male
Martine Cadot,777,female
Yves Laprie,778,male
Tova Milo,779,female
Dana Codreanu,780,female
Florence Sedes,781,female
Amine Chaibi,782,male
Soumia Melzi,783,female
Florence Galtier,784,female
Antonio Penta,785,male
Yoan Chabot,786,male
Tahar Kechadi,787,male
Belhaj Rhouma Sourour,788,male
Asma Ben Achour,789,female
Malek Hajjem,790,male
Saaid Baraty,791,male
Daniel Rocacher,792,male
Noureddine Yacine Nair Benrekia,793,male
Fatiha Barigou,794,female
Baya Naouel Barigou,795,female
Baghdad Atmani,796,male
Bouziane Beldjilali,797,male
Sylvie Gibet,798,female
Clément Reverdy,799,male
Mehdi Khiari,800,male
Karim Tabia,801,male
Fabian Suchanek,802,male
Frédéric Dumonceaux,803,male
Guillaume Raschia,804,male
Marc Gelgon,805,male
Mory Ouattara,806,male
Ndeye Niang,807,female
Rania Gasri,808,female
Fouad Badran,809,male
Corinne Mandin,810,female
Jean-Philippe Métivier,811,male
Samir Loudni,812,male
Thierry Charnois,813,male
Fayrouz Soualah Alila,814,female
Florence Mendes,815,female
Seifeddine Mechti,816,male
Maher Jaoua,817,male
Lamia Hadrich Belguith,818,female
Gu&#776;nce Keziban Orman,819,male
Kafil Hajlaoui,820,male
Camille Kurtz,821,female
Daniel Rubin,822,male
Célia Da Costa Pereira,823,female
Mathieu Lafourcade,824,male
Patrick Lloret,825,male
David Combe,826,male
Elod Egyed-Zsigmond,827,male
Mathias Géry,828,male
Nizar Messai,829,male
Thomas Devogele,830,male
Nicolas Greffard,831,male
Dumitru-Clementin Cercel,832,male
Stefan Trausan-Matu,833,male
Youcef Bouziane,834,male
Naouel Barigou,835,female
Cassio Melo,836,male
Mohamed Hamdaoui,837,male
Dung Bui,838,Non indicatif
Marie-Aude Aufaure,839,female
Rokia Missaoui,840,female
Vincent Forissier,841,male
Cyril Broilliard,842,male
Philippe Simonnot,843,male
Clémentine Nebut,844,female
Aymen Sellaouti,845,male
Atef Hamouda,846,male
Aline Deruyver,847,female
Cédric Wemmert,848,male
Gabriel Frey,849,male
Julie Dawn Thompson,850,female
Mohamed K. El Mahrsi,851,male
Stéphane Lamassé,852,male
Julien Alerini,853,male
Willy Ugarte,854,male
Patrice Boizumault,855,male
Alban Lepailleur,856,male
Bin-Hui Chou,857,female
Einoshin Suzuki,858,male
Mohamed Nidhal Jelassi,859,male
Jean-Emile Symphor,860,male
Nathalie Aussenac-Gilles,861,female
Davide Buscaldi,862,male
Catherine Comparot,863,female
Mouna Kamel,864,female
Manuel Bouillon,865,male
Eric Anquetil,866,male
Abdullah Almaksour,867,male
Rim Touhami,868,female
Maxime Maillot,869,male
Michaël Aupetit,870,male
Gérard Govaert,871,male
Chedi Bechikh Ali,872,male
Hatem Haddad,873,male
Sylvie Guillaume,874,female
Pierre-Antoine Papon,875,male
Estelle Delpech,876,female
Laurent Candillier,877,male
Léa Laporte,878,female
Samuel Phan,879,male
Thomas Bourquard,880,male
Damien M. de Vienne,881,male
Florence D'Alche-Buc,882,female
Chahrazed Bouhini,883,female
Afef Zenned,884,female
Marouen Kachroudi,885,male
Sami Zghal,886,male
Cheikh Niang,887,male
Béatrice Bouchou,888,female
Moussa Lo,889,male
Yacine Sam,890,male
Olivier Champalle,891,male
Karim Sehaba,892,male
Nhat-Quang Doan,893,male
Sylvain Dormieu,894,male
Modou Gueye,895,male
Sabiha Tahrat,896,female
Fionn Murtagh,897,male
Dhafer Lahbib,898,male
Dominique Laurent,899,Non indicatif
Ghada Besbes,900,female
Hajer Baazaoui-Zghal,901,female
Henda Ben Ghezela,902,male
Thi-Bich-Hanh Dao,903,female
Khanh-Chuong Duong,904,male
Hoang-Tung Tran,905,male
Elisa Fromont,906,female
François Jacquenet,907,male
Adrien Martins,908,male
Aymeric Le Dorze,909,male
Laurent Garcia,910,male
Mohamed Charouel,911,male
Minyar Sassi-Hidri,912,female
Mohamed Ali Zoghlami,913,male
Nesrine Ben Yahia,914,female
Narjès Bellamine Ben Saoud,915,female
Henda Hajjami Ben Ghezala,916,male
Elias Egho,917,male
Nicolas Jay,918,male
Tianyang Liu,919,male
Catherine Roussey,920,female
Oscar Corcho,921,male
Ond&#711;rej Šváb-Zamazal,922,male
François Scharffe,923,male
Stephan Bernard,924,male
Fatma Hamdi,925,female
Christophe Moulin,926,male
Cécile Barat,927,female
Christophe Ducottet,928,male
Maha Amami,929,female
Sergei O. Kuznetsov,930,male
Juraj Macko,931,male
Wagner Meira Jr,932,male
Géraldine Polaillon,933,female
Paula Brito,934,female
Laurent Vezard,935,male
Pierrick Legrand,936,male
Marie Chavent,937,female
Frédérique Faïta-Aïnseba,938,female
Julien Clauzel,939,male
Lazhar Labiod,940,male
Florent Lalys,941,male
Laurent Riffaud,942,male
Brivael Trelhu,943,male
Pierre Jannin,944,male
Hassan Chouaib,945,male
Florence Cloppet,946,female
Salvatore-Antoine Tabbone,947,male
Fatma Karem,948,female
Mounir Dhibi,949,male
The Anh Dang,950,female
Bilal Idiri,951,male
Christine Martin,952,female
Renata Ghisloti,953,female
Dan A. Simovici,954,male
Christian Belbeze,955,male
Max Chevalier,956,male
Gaël Dias,957,male
François Trousset,958,male
Gérard Dray,959,male
Adriana Prado,960,female
Noel Novelli,961,male
Ekaterina Simonenko,962,female
Asma Ben Zakour,963,female
Sofian Maabout,964,male
Mohamed Mosbah,965,male
Marc Sistiaga,966,male
Kouhei Takemoto,967,male
Shigeru Takano,968,male
Marinette Amirault-Thébault,969,female
Nicolas Creff,970,male
Frédéric Pennerath,971,male
Wei Wang,972,Non indicatif
Willy Allègre,973,male
Thomas Burger,974,male
Pascal Berruet,975,male
Jean-Yves Antoine,976,male
Michel Tenenhaus,977,male
Catherine Dominguès,978,female
Olivier Corby,979,male
Fayrouz Soualah-Alila,980,female
Najeh Naffakhi,981,male
Mohand Boughanem,982,male
Donato Malerba,983,male
Sébastien Lafon,984,male
Christiane Guinot,985,female
Mustapha Aznag,986,male
Mohamed Quafafou,987,male
Nicolas Durand,988,male
Zahi Jarir,989,male
Rachid Aknouche,990,male
Daniel Keim,991,male
Karima Dhouib,992,female
Faïez Gargouri,993,male
Michel Buffa,994,male
Guillaume Husson,995,male
Nicolas Delaforge,996,male
Faraz Zaidi,997,male
Francisco de Assis Tenório de Carvalho,998,male
Filipe M. de Melo,999,male
Abdelheq Et-tahir Guettala,1000,male
Thanh-Nghi Doan,1001,male
Hakim Hacid,1002,male
Helen Purchase,1003,female
Emilien Perrin,1004,male
Francois Queyroi,1005,male
Asma Zoghlami,1006,female
Karima Zayrit,1007,female
Eric Desjardin,1008,male
Hugo Alatrista Salas,1009,male
Fabien Gandon,1010,male
Julien Giudici,1011,male
Hervé Janiaut,1012,male
Rémy Gautier,1013,male
Benjamin Rosoor,1014,male
Laurent Sebag,1015,male
Antoine Paglia,1016,male
Martial Phélippé-Guinvarc'h,1017,male
Yousra Chabchoub,1018,female
Benoît Grossin,1019,male
Amyn Bennamane,1020,male
Arnaud Ansiaux,1021,male
Alain Cagnati,1022,male
Maria Malek,1023,female
Toader Gherasim,1024,male
Mounira Harzallah,1025,female
Giuseppe Berio,1026,male
Israël-César Lerman,1027,male
Nguyen-Khang Pham,1028,female
Annie Morin,1029,female
Yassine Benabbas,1030,male
Tarek Yahiaoui,1031,male
Thierry Urruty,1032,male
Chabane Djeraba,1033,male
Xiaoyue Ma,1034,male
Jean-Pierre Cahier,1035,male
L'Hédi Zaher,1036,male
Frank Meyer,1037,male
Éric Gaussier,1038,male
Julien Schluth,1039,male
Guénaël Cabanes,1040,male
Quang-Thang Dinh,1041,male
Lionel Chauvin,1042,male
Dhouha Grissa,1043,female
Mohamed Nabil Saidi,1044,male
José L Balcazar,1045,male
Cristina Tîrnauca,1046,female
Jacques Blanc-Talon,1047,male
Mohamed Benamina,1048,male
Lassaâd Mejri,1049,male
Ahmed Maalel,1050,male
Habib Hadj Mabrouk,1051,male
Henda Ben Ghezela Hadjami,1052,male
Houda Fyad,1053,female
Karim Bouamrane,1054,male
Claire Toffano-Nioche,1055,female
Antonio Balzanella,1056,male
Lidia Rivoli,1057,female
Rosanna Verde,1058,female
François Petitjean,1059,male
Florent Masseglia,1060,male
Michel Plantié,1061,male
Michel Crampes,1062,male
Alexis Bondu,1063,male
Rania Khefifi,1064,female
Dieudonné Tchuente,1065,male
Marie-Françoise Canut,1066,female
Nadine Baptiste-Jessel,1067,female
Jian Pei,1068,Non indicatif
Mihaela Breaban,1069,female
Henri Luchian,1070,male
Patrick Marcel,1071,male
Ahmed Bounekkar,1072,male
Abdoulaye Sarr,1073,male
Annabelle Boutet,1074,female
Jocelyne Tremenbert,1075,female
Prem Kumar Casimir,1076,female
Emilie Guimier De Neef,1077,female
Julien Rabatel,1078,male
Rania Soussi,1079,female
Amine Louati,1080,male
Christophe Rigotti,1081,male
Olivier Gandrillon,1082,male
Céline Rouveirol,1083,female
Lucas Létocart,1084,male
Karima Mouhoubi,1085,female
David Auber,1086,male
Frédéric Gilbert,1087,male
Sébastien Lallé,1088,male
Vanda Luengo,1089,female
Wilfried Despagne,1090,male
Pavel Arapov,1091,male
Sébastien Comos,1092,male
Guillaume Erétéo,1093,male
Catherine Faron-Zucker,1094,female
Freddy Limpens,1095,male
Thomas Meilender,1096,male
Jean Lieber,1097,male
Fabien Palomares,1098,male
Abdelkader Benameur,1099,male
Mouna Chebbah,1100,female
Thomas Cerqueus,1101,male
Sylvie Cazalens,1102,female
Philippe Lamarre,1103,male
Augusta Mela,1104,female
Mohamed el Amine Bekhtaoui,1105,male
Bernard Decobert,1106,male
Abir Saïd,1107,female
Loïc Mabit,1108,male
François Nel,1109,male
Marie-Jeanne Lesot,1110,female
Philippe Capet,1111,male
Thomas Delavallade,1112,male
Michel Plu,1113,male
Johannes Heinecke,1114,male
Ioan Marius Bilasco,1115,male
Brahim Douar,1116,male
Michel Liquiere,1117,male
Cherif Chiraz Latiri,1118,male
Yahya Slimani,1119,male
Moussa Benaissa,1120,male
Yahia Lebbah,1121,male
Juan David Cruz,1122,male
Sterenn Liberge,1123,female
Sileye O. Ba,1124,male
Ronan Fablet,1125,male
Thomas Bärecke,1126,male
Bernadette Bouchon-Meunier,1127,female
João Gama,1128,male
Adel Lablack,1129,male
Elsa Negre,1130,female
François Paulus,1131,male
Jérôme Royan,1132,male
Jean-Hugues Chenot,1133,male
Najeh Hajlaoui,1134,male
Julie Séguéla,1135,female
Ricardo Baeza-Yates,1136,male
Sébastien Nedjar,1137,male
Fabien Pesci,1138,male
Lotfi Lakhal,1139,male
Rosine Cicchetti,1140,female
Frédéric Gavignet,1141,male
Olivier Collin,1142,male
Yann Vigile Hoareau,1143,male
Murat Ahat,1144,male
David Medernach,1145,male
Marc Bui,1146,male
Amine Mokhtari,1147,male
Ammar Mechouche,1148,male
Sébastien Mustière,1149,male
Thomas Piton,1150,male
Henri Briand,1151,male
Emeric Prouteau,1152,male
Laurent Lecornu,1153,male
Clara Le Guillou,1154,female
Frédéric Le Saux,1155,male
Matthieu Hubert,1156,male
Julien Montagner,1157,male
John Puentes,1158,male
Jean-Michel Cauvin,1159,male
Minh Thu Tran Nguyen,1160,female
François Sempé,1161,male
Jean-Daniel Zucker,1162,male
Zbigniew W. Ras,1163,male
Victor Gabillon,1164,male
Jérémie Mary,1165,male
Boutheina Smine,1166,female
Jean-Pierre Desclés,1167,male
Nicolas S. Müller,1168,male
Matthias Studer,1169,male
Alexis Gabadinho,1170,male
Gilbert Ritschard,1171,male
Nacim Ihaddadene,1172,male
Taoufik Yeferny,1173,male
Khedija Arour,1174,female
Jean Baptiste Faddoul,1175,male
Boris Chidlovskii,1176,male
Hana Alouaoui,1177,female
Sami Yassine Turki,1178,male
Valentina Dragos,1179,female
Matthieu Lopez,1180,male
Mondher Maddouri,1181,male
Nida Meddouri,1182,female
Giap NGuyen,1183,male
Johann Stan,1184,male
Johann Daigremont,1185,male
Anne Laurent,1186,female
Radja Messai,1187,female
Michel Simonet,1188,male
Nathalie Bricon-Souf,1189,female
Mireille Mousseau,1190,female
Menaouer Brahami,1191,male
Mostéfa Mokaddem,1192,male
Ibtissem Cherni,1193,female
Karla Lopez,1194,female
Karim Djemal,1195,male
Ismail Elsayad,1196,male
Yue Feng,1197,Non indicatif
Jose M. Joemon,1198,male
Hanen Brahmi,1199,female
Tarek Hamrouni,1200,male
Riadh Ben Messaoud,1201,male
Mohamed Hallab,1202,male
Bruno Delprat,1203,male
Alain Lelu,1204,male
Marie-Christine Rousset,1205,female
Alexandre Passant,1206,male
Philippe Laublet,1207,male
Abderrahmane Maaradji,1208,male
Noël Crespi,1209,male
Vincent Pisetta,1210,male
Pierre-Emmanuel Jouve,1211,male
Alain Casali,1212,male
Jean Charlet,1213,male
Sylvie Szulman,1214,female
Adeline Nazarenko,1215,female
Nathalie Hernandez,1216,female
Nadia Nadah,1217,female
Éric Sardet,1218,male
Jean Delahousse,1219,male
Valery Teguiak,1220,male
Audrey Baneyx,1221,female
Alexandre Termier,1222,male
Jean-François Méhaut,1223,male
Takeaki Uno,1224,male
Thierno Diallo,1225,male
Marie-Luce Picard,1226,female
Dan-Mircea Suciu,1227,male
Romain Vuillemot,1228,male
Aris Ouksel,1229,male
Lionel Brunie,1230,male
Md. Haidar Sharif,1231,male
Husam Alustwani,1232,male
Besma Khalfi,1233,female
Rahma Cherif,1234,female
Siwar Zribi Boujelbene,1235,female
Dorra Ben Ayed Mezghanni,1236,female
Noureddine Ellouze,1237,male
Thabet Slimani,1238,male
Rabie Saidi,1239,male
Sabeur Aridhi,1240,male
Ines Fayech,1241,female
Habib Ounalli,1242,male
Souhir Gahbiche,1243,female
Nathalie Pernelle,1244,female
Pierre Allard,1245,male
Chongsheng Zhang,1246,male
Sarra Ayouni,1247,female
Cyrine Nasri,1248,female
Kamel Smaïli,1249,male
Zohra Ben Said,1250,female
Paul Richard,1251,male
Anna Kolomoyskaya,1252,female
Ghada Gasmi,1253,female
Fadi Dornaika,1254,male
Fadi Chakik,1255,male
Frédéric Moal,1256,male
Nesrine Gabsi,1257,female
Georges Hébrail,1258,male
Philippe Breucker,1259,male
Lynda Said L'Hadj,1260,female
Boris Verhaegen,1261,male
Esteban Zimányi,1262,male
Serge Boucher,1263,male
Anthony Ventresque,1264,male
Louis-Alexandre Celton,1265,male
Gaëtan Hervouet,1266,male
Damien Levin,1267,male
Mohammed Zaki,1268,male
Mohamed Salah Gouider,1269,male
Eya Ben Ahmed,1270,female
Nicolas Sicard,1271,male
Rémi Auguste,1272,male
Ahmed El Ghini,1273,male
Sofiane Ben Amor,1274,male
Doulkifli Boukraâ,1275,male
Emna Bahri,1276,female
Stéphane Lallich,1277,male
Wajdi Dhifli,1278,male
Nesrine Ben Mustapha,1279,female
Henda Ben Ghézala,1280,male
Wahiba Ben Abdessalem Karaa,1281,female
Bilel Bouchamia,1282,male
Marc Joliveau,1283,male
Alice Marascu,1284,female
Marian-Andrei Rizoiu,1285,female
Jean-Hugues Chauchat,1286,male
Tassadit Bouadi,1287,female
Christine Potier,1288,female
Fekade Getahun,1289,male
Richard Chbeir,1290,male
Lionel Vinceslas,1291,male
Guillem Lefait,1292,male
Gilles Goncalves,1293,male
M. Tahar Kechadi,1294,male
Arnaud Sallaberry,1295,male
Nicolas Pecheur,1296,male
Jihen Majdoubi,1297,female
Mohamed Tmar,1298,male
Ibrahim Chahid,1299,male
Loic Martin,1300,male
Lionel Médini,1301,male
Christophe Osswald,1302,male
Ghada Trabelsi,1303,female
Mounir Ben Ayed,1304,male
Adel M. Alimi,1305,male
Patrick Mary,1306,male
Morgan Mathiaut,1307,male
Jonathan Dubois,1308,male
Antoine Lambert,1309,male
Dan Archambault,1310,male
Romain Bourqui,1311,male
Maylis Delest,1312,female
Teh Amouh,1313,male
Monique Noirhomme-Fraiture,1314,female
Benoît Macq,1315,male
Rim Bentebibel,1316,female
Patrick Bosc,1317,male
Grégory Smits,1318,male
Nacim Fateh Chikhi,1319,male
Bernard Rothenburger,1320,male
Mohamed Turki,1321,male
Gilles Kassel,1322,male
Fatma Kaâbi,1323,female
François Rousselot,1324,male
Cecilia Zanni,1325,female
Denis Cavallucci,1326,male
Romain André-Lovichi,1327,male
David Langlois,1328,male
Jean Martinet,1329,male
Fanny Chevalier,1330,female
Stéphane Huot,1331,male
Jean-Daniel Fekete,1332,male
Malika Charrad,1333,female
Mohamed Ben Ahmed,1334,male
Gilbert Saporta,1335,male
Sofiane Abbar,1336,male
Mokrane Bouzeghoub,1337,male
Dimitre Kostadinov,1338,male
Stéphane Lopes,1339,male
Jean-Pierre Cotton,1340,male
Pierre Mariot,1341,male
Alain-Pierre Manine,1342,male
Mohammed Haouach,1343,male
Karim Benzeroual,1344,male
Yassine Mrabet,1345,male
Mouhamadou Thiam,1346,male
Stefano Perabò,1347,male
Xavier Morandi,1348,male
Laurent Tessier,1349,male
Gaëtan Blain,1350,male
Alina Dia Miron,1351,female
Jérôme Gensel,1352,male
Marlène Villanova-Oliver,1353,female
Tomàs Aluja-Banet,1354,male
Josep Daunis-i-Estadella,1355,male
Enric Ripoll,1356,male
Selim Mimaroglu,1357,male
Alexis Bultey,1358,male
Franck Le Gall,1359,male
Damien Barache,1360,male
Ahmed Belaidi,1361,male
Goverdhan Singh,1362,male
Céline Fiot,1363,female
Jacques Chauché,1364,male
Maria Rifqi,1365,female
Luc De Raedt,1366,male
Pierre Le Maigat,1367,male
Christophe Dousson,1368,male
Lucie Copin,1369,female
Yudi Augusta,1370,male
Budi Sentana,1371,male
Tao-Yuan Jen,1372,female
Flavien Balbo,1373,male
Julien Saunier,1374,male
Edwin Diday,1375,male
Mary Felkin,1376,female
Yves Kodratoff,1377,male
Paola Salle,1378,female
Wei Xing,1379,Non indicatif
Sébastien Gassmann,1380,male
Alain Ribière,1381,male
Nischal Verma,1382,male
Cécile Low-Kam,1383,female
Marie-Odile Cordier,1384,female
Michel Soto,1385,male
Dominique Fresneau,1386,Non indicatif
Loïc Cerf,1387,male
Jérémy Besson,1388,male
Christian Ernst,1389,male
Lisa Di-Jorio,1390,female
Farid Cerbah,1391,male
Claire Laudy,1392,female
Jean-Gabriel Ganascia,1393,male
Katharina Morik,1394,female
Sébastien Duplessis,1395,male
Pascal Gouzien,1396,male
Marta Franová,1397,female
Filipe Afonso,1398,male
Wassim Khaskhoussi,1399,male
Ludovic Lebart,1400,male
Stefan du Château,1401,male
Eunika Mercier-Laurent,1402,female
Houssem Jerbi,1403,male
Franck Ravat,1404,male
Gilles Zurfluh,1405,male
Sylvie Calabretto,1406,female
Pierre-Edouard Portier,1407,male
Haïfa Zargayouna,1408,female
Stan Matwin,1409,male
Anh Phuc Trinh,1410,female
David Buffoni,1411,male
Patrick Gallinari,1412,male
Ousmane Djanga,1413,male
Hanine Hamzioui,1414,female
Mickaël Hatchi,1415,male
Bernard Kaddour,1416,male
Maria Fernandez,1417,female
Alban Mancheron,1418,male
Van-Hoa Nguyen,1419,male
Emmanuel Nauer,1420,male
Paolo Simonetto,1421,male
Fabien Jourdan,1422,male
Christophe Thovex,1423,male
Francky Trichet,1424,male
Arriel Benis,1425,male
Mélanie Courtine,1426,female
Sébastien Lefèvre,1427,male
Quyet-Thang Le,1428,male
Alzennyr Da Silva,1429,female
Omar Merroun,1430,male
Philippe Rigaux,1431,male
Isabelle Bloch,1432,female
Emanuel Aldea,1433,male
Beniamino Murgante,1434,male
Giuseppe Las Casas,1435,male
Anna Sansone,1436,female
Damien Poirier,1437,male
Laura Diosan,1438,female
Alexandrina Rogozan,1439,female
Jean-Pierre Pécuchet,1440,male
Zoulikha Heddadji,1441,female
Séverine Kirchner,1442,female
Georges Stamon,1443,male
Rodolphe Priam,1444,male
Adrien Schmidt,1445,male
Serge Fantino,1446,male
Alpha Diallo,1447,female
Ahlame Douzal-Chouakria,1448,female
Françoise Giroud,1449,female
Mohamed Khazri,1450,male
Mohamed Abid,1451,male
Marc-Ismaël Akodjènou-Jeannin,1452,male
Kavé Salamatian,1453,male
Loïc Lecerf,1454,male
Ruggero G. Pensa,1455,male
Bogdan Moisuc,1456,male
Hervé Martin,1457,male
Monique Thonnat,1458,female
Jose Luis Patino,1459,male
Etienne Corvée,1460,male
François Brémond,1461,male
Dong (Haoyuan) Li,1462,Non indicatif
Sylvain Ferrandiz,1463,male
Florian Guillochon,1464,male
Michel Schneider,1465,male
Taimur Qureshi,1466,male
Elie Prudhomme,1467,male
Julien Thomas,1468,male
Jérôme Cubillé,1469,male
Alain Dessertaine,1470,male
Ba-Hung Ngo,1471,male
Frédérique Silber-Chaussumier,1472,female
Christian Bac,1473,male
Jacques-Henri Sublemontier,1474,male
Leila Nemmiche Alachaher,1475,female
Simon Marcellin,1476,male
Bashar Saleh,1477,male
Andres Jacome,1478,male
Christian Puech,1479,male
Damien Raclot,1480,male
Jean-Stéphane Bailly,1481,male
Bruno Roux,1482,male
Noureddine Mokhtari,1483,male
Rose Dieng-Kuntz,1484,female
Lobna Karoui,1485,female
Rena Nemoto,1486,female
Martine Adda-Decker,1487,female
Iona Vasilescu,1488,female
Usama M. Fayyad,1489,male
Youssef Hadi,1490,male
Rachid El Meziane,1491,male
Rachid Oulad Haj Thami,1492,male
Xavier Aimé,1493,male
Frédéric Fürst,1494,male
Christine Plumejeaud,1495,female
Jean-Marc Vincent,1496,male
Claude Grasland,1497,male
Hélène Mathian,1498,female
Serge Guelton,1499,male
Joël Boulier,1500,male
Françoise Fogelman-Soulié,1501,female
Anouar Benhassena,1502,male
Fazia Bellal,1503,female
Alexandre Aussem,1504,male
Bruno Canitia,1505,male
Franck Thollard,1506,male
Pierre Loustau,1507,male
Mauro Gaio,1508,male
Thierry Nodenot,1509,male
Sébastien Derivaux,1510,male
Stéphane Roche,1511,male
Benoit Kiene,1512,male
Claude Caron,1513,male
Eloïse Loubier,1514,female
Bernard Dousset,1515,male
Myriam Touati,1516,female
Mohamed Rahal,1517,male
Lucie Gentils,1518,female
Anne Poupon,1519,female
Jean-François Gibrat,1520,male
David Grosser,1521,male
Noël Conruyt,1522,male
Olivier Sebastien,1523,male
José L. Balcázar,1524,male
Antoni Lozano,1525,male
Christine Parent,1526,female
Stefano Spaccapietra,1527,male
Christelle Vangenot,1528,female
Maria-Luisa Damiani,1529,female
José de Macedo,1530,male
Fabio Porto,1531,male
Amjad Abou Assali,1532,male
Dominique Lenne,1533,Non indicatif
Bruno Debray,1534,male
Trinh Minh Tri Do,1535,female
Thierry Artières,1536,male
Virginie Lefort,1537,female
Guillaume Beslon,1538,male
Vladislav Matviico,1539,male
Nicolas Muret,1540,male
Imen Brahmi,1541,female
Anne Tchounikine,1542,female
Maryvonne Miquel,1543,female
Mohamed Elati,1544,male
Philippe-Henri Gosselin,1545,male
Justine Lebrun,1546,female
Sylvie Philipp-Foliguet,1547,female
Thanh-Trung Van,1548,male
Florian De Vuyst,1549,male
Frédéric Lemoine,1550,male
Yi Yu,1551,Non indicatif
Mimoun Malki,1552,male
Zakaria Elberrichi,1553,male
Viet Phan Luong,1554,male
Imène Brigui-Chtioui,1555,female
Sébastien Caquard,1556,male
Jean-Pierre Fiset,1557,male
Sujeevan Aseervatham,1558,male
Gilles Falquet,1559,male
Claire-Lise Mottaz Jiang,1560,female
Jacques Guyot,1561,male
Rachid Elmeziane,1562,male
Ilham Berrada,1563,male
Ismail Kassou,1564,male
François-Élie Calvier,1565,male
Henri-Maxime Suchier,1566,male
Anastasiya Yurchyshyna,1567,female
Nhan Le Thanh,1568,male
Celson Lima,1569,male
Marc Le Goc,1570,male
Nabil Benayadi,1571,male
Saoussen Sakji,1572,female
Nathanaël Kasoro,1573,male
André Hardy,1574,male
Bassem Makni,1575,male
Hacène Cherfi,1576,male
Ansaf Salleb-Aouissi,1577,female
Bert C. Huang,1578,male
David L. Waltz,1579,male
Raphaël Feraud,1580,male
Anouck Bodin-Niemczuk,1581,female
Nizar Ghoula,1582,male
Yuan Lin,1583,Non indicatif
Hassan Saneifar,1584,male
Claire Serp,1585,female
Sylvain Lespinats,1586,male
Valentina Ceausu,1587,female
Bernardo Lopez,1588,male
Samira Hammiche,1589,female
Samir Sebahi,1590,male
Mohand-Said Hacid,1591,male
Gaëlle Hignette,1592,female
Ollivier Haemmerlé,1593,male
Sergio Rodrigues de Morais,1594,male
Marilys Corbex,1595,female
Frédéric Triou,1596,male
Barbara Poulain,1597,female
Tuong-Vinh Truong,1598,male
Massih-Reza Amini,1599,male
Pierre Gaillard,1600,male
Didier Devaurs,1601,male
Marc Boyer,1602,male
Faiza Abbaci,1603,female
Pascal Francq,1604,male
Etienne Cuvelier,1605,male
Hans-Hermann Bock,1606,male
Mohamed Ramzi Temanni,1607,male
Christine Poitou-Bernert,1608,female
Karine Clément,1609,female
Christophe Lejeune,1610,male
Manuel Zacklad,1611,male
Rokia Bendaoud,1612,female
Julien Lavergne,1613,male
Philippe Bouché,1614,male
Sabine Goutier,1615,female
Karim Baïna,1616,male
Phuc-Hiep Luong,1617,male
Alain Boucher,1618,male
Eduardo Fraschini,1619,male
Anne-Marie Vercoustre,1620,female
Fadi Badra,1621,male
Fabrice Estievenart,1622,male
Jean-Roch Meurisse,1623,male
Abdelmajid Ben Hamadou,1624,male
Mohamed Hammami,1625,male
Radhouane Guermazi,1626,male
Bart Goethals,1627,male
Filip Florea,1628,male
Valeriu Cornea,1629,male
Abdelaziz Bensrhair,1630,male
Stéfan Jacques Darmoni,1631,male
Cédric Vidrequin,1632,male
Juan-Manuel Torres-Moreno,1633,male
Jean-Jacques Schneider,1634,male
Marc El-Bèze,1635,male
Howard J. Hamilton,1636,male
Caroline Wintergerst,1637,female
Thomas Ludwig,1638,male
Islem Denden,1639,male
William Vacher,1640,male
Nicolas Nicoloyannis,1641,male
Hubert Polaert,1642,male
Philippe Leray,1643,male
Grégory Mallet,1644,male
Rémy Brisson,1645,male
Anne Puissant,1646,female
Alexandre Bouchacourt,1647,male
Luigi Lancieri,1648,male
Antonio Irpino,1649,male
Elvira Romano,1650,female
Romain Boulet,1651,male
Bertrand Jouve,1652,male
Nawal Guermouche,1653,female
Salima Benbernou,1654,female
Emmanuel Coquery,1655,male
Lylia Abrouk,1656,female
Danièle Hérin,1657,female
Guillaume Wisniewski,1658,male
Nicolas Verbeke,1659,male
Hicham Laanaya,1660,male
Alexandre Labadié,1661,male
Jean Diatta,1662,male
Régis Girard,1663,male
Jean Louis Vitti,1664,male
Mostafa Hanoune,1665,male
Faouzia Benabbou,1666,female
Kévin Ottens,1667,male
Marie Agier,1668,female
Thomas Heitz,1669,male
Sébastien Régis,1670,male
Leoncio Jiménez,1671,male
Norbert Tsopzé,1672,male
Gilbert Tindo,1673,male
Jacques Le Maitre,1674,male
Nicolas Faessel,1675,male
Le Thi Hoai An,1676,female
Le Hoai Minh,1677,female
Pham Dinh Tao,1678,male
Karim Kamoun,1679,male
Régis Gras,1680,male
Mohamed Amine Bentaallah,1681,male
Bruno Mermet,1682,male
Gaële Simon,1683,female
Dominique Fournier,1684,Non indicatif
Christine Golbreich,1685,female
Laurent Kevers,1686,male
Cédrick Fairon,1687,male
Olivier Couturier,1688,male
Yves Chiricota,1689,male
Jean-Philippe Domenger,1690,male
Benoît Favre,1691,male
Jean-François Bonastre,1692,male
Patrice Bellot,1693,male
François Capman,1694,male
Chérif Mballo,1695,male
Bernard Huet,1696,male
Jérôme David,1697,male
Hunor Albert-Lorincz,1698,male
Sylvain Mongy,1699,male
Sylvain Tenier,1700,male
Xavier Polanco,1701,male
Zahra Kebaili,1702,female
Noura Bouzrara,1703,female
Nacéra Madani Aissaoui,1704,female
Najoua Essoukri Ben Amara,1705,female
Pierre P. Lévy,1706,male
Jean-Philippe Villaréal,1707,male
Pierre-Paul Couka,1708,male
Fabrice Gallois,1709,male
Laurence Herbin,1710,female
Antoine Flahault,1711,male
Jesús S. Aguilar-Ruiz,1712,male
Domingo S. Rodríguez,1713,male
Pierre-Alain Laur,1714,male
Mounir Fegas,1715,male
Amel Boustil,1716,male
Zaïdi Sahnoun,1717,male
Ziad Mansouri,1718,male
Jérôme Maloberti,1719,male
Shin Ando,1720,Non indicatif
Sergio Camiz,1721,male
Jean-Jacques Denimal,1722,male
Ahmed Amrani,1723,male
Anne Remillieux,1724,female
Christian Blatter,1725,male
Frédéric Mabille,1726,male
Nongyao Mueangdee,1727,female
Irina Diana Coman,1728,female
Xuan-Hiep Huynh,1729,male
Samuel Gesche,1730,male
Guy Caplat,1731,male
Alain Morineau,1732,male
Ricco Rakotomalala,1733,male
Lucile Vadcard,1734,female
Dima Mufti-Alchawafa,1735,female
Bruno Defude,1736,male
Didier Nakache,1737,male
Annabelle Dierstein,1738,female
Christopher Corsia,1739,male
Vincent Dubois,1740,male
Christophe Tricot,1741,male
Christophe Roche,1742,male
Jerzy Korczak,1743,male
Clément Chatelain,1744,male
Laurent Heutte,1745,male
Thierry Paquet,1746,male
Youssef Zinbi,1747,male
Youssef Chahir,1748,male
Abder Elmoatz,1749,male
Rémi Gilleron,1750,male
Patrick Marty,1751,male
Marc Tommasi,1752,male
Fabien Torre,1753,male
Julien Lorec,1754,male
Gérard Ramstein,1755,male
Yannick Jacques,1756,male
Delphine Bernhard,1757,female
Walid Erray,1758,male
Faouzi Mhamdi,1759,male
Christophe Coppens,1760,male
Julien Laroque Malbert,1761,male
Lamia Ben Ghezaiel,1762,female
Heikki Mannila,1763,male
Nadjim Chelghoum,1764,male
Karine Zeitouni,1765,female
Thierry Laugier,1766,male
Annie Fiandrino,1767,female
Lionel Loubersac,1768,male
Olivier Gerbé,1769,male
Thierno Diarra,1770,male
Jacques Raynauld,1771,male
Mohamed-Foued Sriti,1772,male
Philippe Boutinaud,1773,male
Nada Matta,1774,female
Clément Jamard,1775,male
Georges Gardarin,1776,male
Rémi Lehn,1777,male
Mohamed Aounallah,1778,male
Guy Mineau,1779,male
Michael Ley,1780,male
Patrick Reuther,1781,male
Marc Damez,1782,male
Schahrazed Zeghache,1783,female
Farida Admane,1784,female
Kamel Elaraba Ziane,1785,male
Brigitte Hoeltzener,1786,female
Edwige Fangseu Badjio,1787,female
Cédric Udréa,1788,male
Federico Del Razo López,1789,male
Pascal Cheung-Mon-Chan,1790,male
Sylvie Charbonnier,1791,female
Claire François,1792,female
Yves Fossé,1793,male
Stéphane Daviet,1794,male
Jean-Claude Régnier,1795,male
Hubert Marteau,1796,male
Sylvain Lagrue,1797,male
Jérémie Lussiez,1798,male
Julien Rossit,1799,male
Rami Harrathi,1800,male
Frédéric Bertrand,1801,male
Cyril Faucher,1802,male
Marie-Christine Lafaye,1803,female
Jean-Yves Lafaye,1804,male
Alain Bouju,1805,male
Aydano Machado,1806,male
Yann Chevaleyre,1807,male
Quang Nguyen,1808,male
Marie Plasse,1809,female
Laurent Leblond,1810,male
Sylvie Billot,1811,female
Stanislas Lew,1812,male
Emmanuel Blanchard,1813,male
Abdourahamane Baldé,1814,male
Brigitte Trousse,1815,female
Clément Fauré,1816,male
Sylvie Delprat,1817,female
Alain Mille,1818,male
Laszlo Szathmary,1819,male
Sandy Maumus,1820,female
Pierre Petronin,1821,male
Vincent Philippé,1822,male
David Da Costa,1823,male
Pascal Barbry,1824,male
Athmane Hamel,1825,male
Jean-Pierre Barthélemy,1826,male
Jean-Robert Kala Kamdjoug,1827,male
Etienne Pichat,1828,male
Hassan Badir,1829,male
Fadoua Ataa-Allah,1830,female
Abderrahim El Qadi,1831,male
Philippe Caillou,1832,male
Brigitte Le Roux,1833,female
Laurent Alamarguy,1834,male
Güray Erus,1835,male
Nicolas Loménie,1836,male
Catherine Garbay,1837,female
Michel Dojat,1838,male
François Radvanyi,1839,male
Olivier François,1840,male
Rémi Gaudin,1841,male
Khaled Mellouli,1842,male
Yves Caron,1843,male
Pascal Makris,1844,male
Raphaël Couturier,1845,male
Sergiu Theodor Chelcea,1846,male
Nicolas Bonnel,1847,male
Alexandre Cotarmanac'h,1848,male
Tuyet-Tram Dang-Ngoc,1849,female
Virginie Sans,1850,female
Nicolas Usunier,1851,male
Kutluhan Kemal Pak,1852,male
Mohamed Cherif Rahal,1853,male
Hélène Gagliardi,1854,female
Lionel Savary,1855,male
François-Xavier Jollois,1856,male
Idir Chibane,1857,male
Alexandre Vautier,1858,male
Bruno Bouzy,1859,male
Guillaume Chaslot,1860,male
Aurélie Névéol,1861,female
Sylwia Ozdowska,1862,female
Annabelle Mercier,1863,female
Cyril Nortet,1864,male
Teddy Turmeaux,1865,male
Sébastien Quirion,1866,male
Guy W. Mineau,1867,male
Eugen Barbu,1868,male
Pierre Héroux,1869,male
Sébastien Adam,1870,male
Éric Trupin,1871,male
Charles Foveau,1872,male
Samah Reguigui,1873,female
Nadine Meskens,1874,female
Jean-Philippe Vandamme,1875,male
Abdelhakim Artiba,1876,male
Jean-Paul Barthès,1877,male
Mehdi Mtir,1878,male
Gregory Piatetsky-Shapiro,1879,male
Nicolas Spyratos,1880,male
Oumar Sy,1881,male
Tao Wan,1882,Non indicatif
Hélène Desmier,1883,female
Adina Magda Florea,1884,female
Victoria Eugenia Ospina,1885,female
Alain-Jérôme Fougères,1886,male
Jorge Louçã,1887,male
Christophe Candillier,1888,male
Noureddine Mouaddib,1889,male
Hicham Behja,1890,male
Abdelaziz Marzak,1891,male
Romain Dailly,1892,male
Christian Chervet,1893,male
Radhia Ben Hamed,1894,female
Pierre Pompidor,1895,male
Michel Sala,1896,male
Ludovic Denoyer,1897,male
Natima Singla,1898,female
Olivier Bousquet,1899,male
Philippe Collet,1900,male
Vincent Derozier,1901,male
Ganaël Jatteau,1902,male
Madenda Sarifuddin,1903,male
Dahbia Semani,1904,female
Carl Frélicot,1905,male
Pierre Courtellemont,1906,male
Bertrand Petitjean,1907,male
Olfa Jenhani el Jed,1908,female
Pau Origoni,1909,male
Fabio B. Losa,1910,male
Rim Djedidi Hannachi,1911,female
Sarra Ben Lagha,1912,female
Aïcha El Golli,1913,female
Stéphane Trébucq,1914,male
Narjes Doggaz,1915,female
Jihem Rezgui,1916,male
Richard Butterworth,1917,male
Francesca De Domenico,1918,female
Livio De Luca,1919,male
Saïd Karouach,1920,male
Birahim Gueye,1921,male
Paul Munteanu,1922,male
Mohamed Bendou,1923,male
Anne-Lise Huyet,1924,female
Jean-Luc Paris,1925,male
Hamid Tebri,1926,male
Xavier Denis,1927,male
Nicolas Chanchevrier,1928,male
Nicolas Turenne,1929,male
Marc Barbier,1930,male
Zahir Maazouzi,1931,male
Jérôme Mikolajczak,1932,male
Fabrice Gadaud,1933,male
Guillaume Duquesnay,1934,male
Cristophe Roche,1935,male
Doru Tanasa,1936,male
Boulbaba Ben Amor,1937,male
Liming Chen,1938,male
Gaëlle Legrand,1939,female
Olivier Teytaud,1940,male
Xavier Baril,1941,male
Cédric Archaux,1942,male
Oriane Matte-Tailliez,1943,female
Alexandre Lefevre,1944,male
Benoît Vaillant,1945,male
Marc Borry,1946,male
Annick Castiaux,1947,female
Philippe Bessières,1948,male
Alain Zasadzinski,1949,male
Dominique Besagni,1950,Non indicatif
Abdelghani Bellaachia,1951,male
Anand Mahajan,1952,male
Michel Volle,1953,male
Amandine Duffoux,1954,female
Laurence Duval,1955,female
Magalie Delépine,1956,female
Julien Barberet,1957,male
Huaiguo Fu,1958,male
Sarah Cohen Boulakia,1959,female
Séverine Lair,1960,female
Gilles Verley,1961,male
Jean-Pierre Asselin de Beauville,1962,male
Simon Jaillet,1963,male
Daniel Beauchêne,1964,male
Cécile Million-Rousseau,1965,female
Hassina Mouloudi,1966,female
Valérie Beaudouin,1967,female
Nathalie Vergnaud,1968,female
Mihaela Scuturici,1969,female
Jérémy Clech,1970,male
Rachid Arezki,1971,male
Abdenour Mokrane,1972,male
David William Pearson,1973,male
Pierre-Antoine Champin,1974,male
Yannick Prié,1975,male
Sabine Rabaseda,1976,female
Nizar Khayati,1977,male
Anne Lavallard,1978,female
Antoine Naud,1979,male
Mireille Cosquer,1980,female
François Gros,1981,male
Alain Livartowski,1982,male
Amar-Djalil Mezaour,1983,male
Anicet Kouomou Choupo,1984,male
Brigitte Noiret,1985,female
Joseph Di Martino,1986,male
Lynne Billard,1987,female
Jean Royauté,1988,male
Philippe Dessen,1989,male
Sylvaine Le Minor,1990,female
Marie-Thérèse Maunoury,1991,female
Bruno Gaume,1992,male
Louis Ferré,1993,male
Yeow Wei Choong,1994,male
Pierre Maussion,1995,male
Rim Al Hulou,1996,female
Lamis Hawarah,1997,female
Ana Simonet,1998,female
Huaiyu Fu,1999,male
Patrick Njiwoua,2000,male
Oswaldo Castillo,2001,male
Jean-Louis Ermine,2002,male
Eric Salvat,2003,male
Stéphanie Chapaux,2004,female
Hicham Hajji,2005,male
Nourdine Badji,2006,male
Jean-Pierre Asté,2007,male
