prenom_cle;exemple_auteur_complet;genre_estime;
dominique;Dominique Laurent;Non indicatif;
dong;Dong (Haoyuan) Li;Non indicatif;
dung;Dung Bui;Non indicatif;
hong;Hong Diep Tran;Non indicatif;
jian;Jian Pei;Non indicatif;
shin;Shin Ando;Non indicatif;
tao;Tao Wan;Non indicatif;
wei;Wei Wang;Non indicatif;
wen;Wen Zhang;Non indicatif;
yi;Yi Yu;Non indicatif;
yuan;Yuan Lin;Non indicatif;
yue;Yue Feng;Non indicatif;
zhi;Zhi Cheng;Non indicatif;
abdelaziz;Abdelaziz Bensrhair;male;
abdelfettah;Abdelfettah Feliachi;male;
abdelghani;Abdelghani Bellaachia;male;
abdelhadi;Abdelhadi Fennan;male;
abdelhakim;Abdelhakim Artiba;male;
abdelhamid;Abdelhamid Boudane;male;
abdelheq;Abdelheq Et-tahir Guettala;male;
abdeljalil;Abdeljalil Elouardighi;male;
abdelkader;Abdelkader Benameur;male;
abdellah;Abdellah Sabry;male;
abdelmajid;Abdelmajid Ben Hamadou;male;
abdelmalek;Abdelmalek Toumi;male;
abdenour;Abdenour Mokrane;male;
abder;Abder Elmoatz;male;
abderrahim;Abderrahim El Qadi;male;
abderrahmane;Abderrahmane Maaradji;male;
abdessamad;Abdessamad Outerqiss;male;
abdoul-djawadou;Abdoul-Djawadou Salaou;male;
abdoulaye;Abdoulaye Sarr;male;
abdourahamane;Abdourahamane Baldé;male;
abdulhafiz;Abdulhafiz Alkhouli;male;
abdullah;Abdullah Almaksour;male;
adel;Adel Lablack;male;
adnan;Adnan El Moussawi;male;
adrian;Adrian Tanasescu;male;
adrien;Adrien Guille;male;
aghiles;Aghiles Salah;male;
ahmed;Ahmed Amrani;male;
aimene;Aimene Belfodil;male;
aladine;Aladine Chetouani;male;
alain;Alain Simac-Lejeune;male;
alain-jérôme;Alain-Jérôme Fougères;male;
alain-pierre;Alain-Pierre Manine;male;
alban;Alban Mancheron;male;
albert;Albert Bifet;male;
aldo;Aldo Napoli;male;
alexandre;Alexandre Blansché;male;
alexis;Alexis Gabadinho;male;
ali;Ali Khenchaf;male;
aliou;Aliou Boly;male;
allel;Allel HadjAli;male;
amadou;Amadou Fall Dia;male;
amar-djalil;Amar-Djalil Mezaour;male;
amedeo;Amedeo Napoli;male;
amel;Amel Bouzeghoub;male;
amine;Amine Chaibi;male;
amjad;Amjad Abou Assali;male;
ammar;Ammar Mechouche;male;
amyn;Amyn Bennamane;male;
anand;Anand Mahajan;male;
anass;Anass El Haddadi;male;
andres;Andres Jacome;male;
andré;André Péninou;male;
andrés;Andrés Troya-Galvis;male;
anicet;Anicet Kouomou Choupo;male;
anouar;Anouar Benhassena;male;
anthony;Anthony Perez;male;
antoine;Antoine Cornuéjols;male;
antoni;Antoni Lozano;male;
antonio;Antonio Penta;male;
aris;Aris Ouksel;male;
arnaud;Arnaud Soulet;male;
arriel;Arriel Benis;male;
atef;Atef Hamouda;male;
athanasiadis;Athanasiadis Marios - Lazaros;male;
athmane;Athmane Hamel;male;
aurélien;Aurélien Bossard;male;
aydano;Aydano Machado;male;
aymen;Aymen Elkhlifi;male;
aymeric;Aymeric Le Dorze;male;
ayoub;Ayoub Karine;male;
azeddine;Azeddine Beghdadi;male;
ba-hung;Ba-Hung Ngo;male;
badre;Badre Belabbess;male;
baghdad;Baghdad Atmani;male;
baptiste;Baptiste Jeudy;male;
bart;Bart Goethals;male;
bashar;Bashar Saleh;male;
bassem;Bassem Makni;male;
bastien;Bastien Latard;male;
belhaj;Belhaj Rhouma Sourour;male;
beniamino;Beniamino Murgante;male;
benjamin;Benjamin Duthil;male;
benoit;Benoit Kiene;male;
benoît;Benoît Otjacques;male;
bernard;Bernard Dousset;male;
bernardo;Bernardo Lopez;male;
bernhard;Bernhard Pfahringer;male;
bert;Bert C. Huang;male;
bertjan;Bertjan Broeksema;male;
bertrand;Bertrand Jouve;male;
bilal;Bilal Idiri;male;
bilel;Bilel Bouchamia;male;
billel;Billel Arres;male;
birahim;Birahim Gueye;male;
blaise;Blaise Hanczar;male;
bogdan;Bogdan Moisuc;male;
boris;Boris Chidlovskii;male;
boulbaba;Boulbaba Ben Amor;male;
bouziane;Bouziane Beldjilali;male;
brahim;Brahim Douar;male;
brice;Brice Olivier;male;
brieuc;Brieuc Conan-Guez;male;
brivael;Brivael Trelhu;male;
bruno;Bruno Pinaud;male;
budi;Budi Sentana;male;
carl;Carl Frélicot;male;
cassio;Cassio Melo;male;
celson;Celson Lima;male;
chabane;Chabane Djeraba;male;
chan;Chan Le Duc;male;
charles;Charles Bouveyron;male;
chedi;Chedi Bechikh Ali;male;
chedy;Chedy Raïssi;male;
cheikh;Cheikh Niang;male;
chengcheng;Chengcheng Mu;male;
cherif;Cherif Chiraz Latiri;male;
chiheb-eddine;Chiheb-Eddine Ben N’Cir;male;
chongsheng;Chongsheng Zhang;male;
chowdhury;Chowdhury Farhan Ahmed;male;
christian;Christian Surace;male;
christophe;Christophe Nicolle;male;
christopher;Christopher Kermorvant;male;
chérif;Chérif Mballo;male;
ciprian-octavian;Ciprian-Octavian Truica;male;
claude;Claude Pasquier;male;
clément;Clément Charnay;male;
colin;Colin Leverger;male;
cristian;Cristian Martinez;male;
cristophe;Cristophe Roche;male;
cyril;Cyril de Runz;male;
cédric;Cédric Udréa;male;
cédrick;Cédrick Fairon;male;
damien;Damien Leprovost;male;
dan;Dan A. Simovici;male;
dan-mircea;Dan-Mircea Suciu;male;
daniel;Daniel Rubin;male;
danny;Danny Lo Seen;male;
david;David Genest;male;
davide;Davide Buscaldi;male;
denis;Denis Cavallucci;male;
dhafer;Dhafer Lahbib;male;
didier;Didier Dubois;male;
dieudonné;Dieudonné Tchuente;male;
dimitre;Dimitre Kostadinov;male;
dino;Dino Ienco;male;
djamal;Djamal Belkasmi;male;
djamel;Djamel Abdelkader Zighed;male;
domingo;Domingo S. Rodríguez;male;
dominic;Dominic Forest;male;
donato;Donato Malerba;male;
doru;Doru Tanasa;male;
doulkifli;Doulkifli Boukraâ;male;
driss;Driss Aboutajdine;male;
duc;Duc Kinh Le Tran;male;
dumitru-clementin;Dumitru-Clementin Cercel;male;
dylan;Dylan Da Conceicao;male;
edmond;Edmond Lassalle;male;
edmundo-pavel;Edmundo-Pavel Soriano-Morales;male;
eduardo;Eduardo Fraschini;male;
edwin;Edwin Diday;male;
einoshin;Einoshin Suzuki;male;
elias;Elias Egho;male;
elie;Elie Prudhomme;male;
elod;Elod Egyed-Zsigmond;male;
elyase;Elyase Lassouli;male;
emanuel;Emanuel Aldea;male;
emeric;Emeric Prouteau;male;
emilien;Emilien Perrin;male;
emmanuel;Emmanuel Viennet;male;
engelbert;Engelbert Mephu Nguifo;male;
enric;Enric Ripoll;male;
enrique;Enrique Baca-García;male;
eric;Eric Kergosien;male;
erick;Erick Stattner;male;
ernesto;Ernesto Estrada;male;
esteban;Esteban Zimányi;male;
etienne;Etienne Corvée;male;
eugen;Eugen Barbu;male;
fabian;Fabian Suchanek;male;
fabien;Fabien Gandon;male;
fabio;Fabio Porto;male;
fabrice;Fabrice Clérot;male;
fabrizio;Fabrizio Gotti;male;
fadi;Fadi Dornaika;male;
faouzi;Faouzi Boufarès;male;
faraz;Faraz Zaidi;male;
farid;Farid Cerbah;male;
fayçal;Fayçal Hamdi;male;
faïez;Faïez Gargouri;male;
federico;Federico Ulliana;male;
fekade;Fekade Getahun;male;
fethi;Fethi Belghaouti;male;
filip;Filip Florea;male;
filipe;Filipe Afonso;male;
fionn;Fionn Murtagh;male;
flavien;Flavien Huynh;male;
florent;Florent Masseglia;male;
florian;Florian Guillochon;male;
fouad;Fouad Badran;male;
francisco;Francisco de Assis Tenório de Carvalho;male;
franck;Franck Ravat;male;
francky;Francky Trichet;male;
francois;Francois Queyroi;male;
frank;Frank Meyer;male;
françois;François Poulet;male;
françois-xavier;François-Xavier Jollois;male;
françois-élie;François-Élie Calvier;male;
freddy;Freddy Limpens;male;
frederic;Frederic Cherqui;male;
frédéric;Frédéric Flouvat;male;
gabriel;Gabriel Frey;male;
ganaël;Ganaël Jatteau;male;
gaël;Gaël Beck;male;
gaëtan;Gaëtan Blain;male;
george;George Portides;male;
georges;Georges Hébrail;male;
georgis;Georgis Christos;male;
germain;Germain Forestier;male;
gianluca;Gianluca Quercini;male;
giap;Giap NGuyen;male;
gilbert;Gilbert Ritschard;male;
gildas;Gildas Tagny Ngompé;male;
gilles;Gilles Venturini;male;
giuseppe;Giuseppe Berio;male;
gouenou;Gouenou Coatrieux;male;
goverdhan;Goverdhan Singh;male;
gregory;Gregory Piatetsky-Shapiro;male;
grégory;Grégory Smits;male;
"gu&#776;nce";"Gu&#776;nce Keziban Orman";male;
guillaume;Guillaume Cleuziou;male;
guillem;Guillem Lefait;male;
guy;Guy Melançon;male;
guénaël;Guénaël Cabanes;male;
gérald;Gérald Gavin;male;
gérard;Gérard Govaert;male;
güray;Güray Erus;male;
habib;Habib Hadj Mabrouk;male;
hacène;Hacène Cherfi;male;
hafdalla;Hafdalla Hammia;male;
haikel;Haikel Megrahi;male;
haithem;Haithem Ghorbel;male;
hakim;Hakim Hacid;male;
hamdi;Hamdi Ben Hamadou;male;
hamid;Hamid Azzoune;male;
hans-hermann;Hans-Hermann Bock;male;
haolin;Haolin Ren;male;
harold;Harold Vilmart;male;
hassan;Hassan Chouaib;male;
hatem;Hatem Haddad;male;
hatim;Hatim Chahdi;male;
heikki;Heikki Mannila;male;
hemza;Hemza Ficel;male;
henda;Henda Ben Ghézala;male;
henri;Henri Briand;male;
henri-maxime;Henri-Maxime Suchier;male;
herman;Herman Akdag;male;
hervé;Hervé Janiaut;male;
hicham;Hicham Hajji;male;
hippolyte;Hippolyte Léger;male;
hiroshi;Hiroshi Ishikawa;male;
hoang-tung;Hoang-Tung Tran;male;
houssem;Houssem Jerbi;male;
howard;Howard J. Hamilton;male;
huaiguo;Huaiguo Fu;male;
huaiyu;Huaiyu Fu;male;
hubert;Hubert Naacke;male;
hugo;Hugo Alatrista Salas;male;
hunor;Hunor Albert-Lorincz;male;
husam;Husam Alustwani;male;
hussein;Hussein T. Al-Natsheh;male;
ibrahim;Ibrahim Louhi;male;
idir;Idir Chibane;male;
ilef;Ilef Ben Slima;male;
ilham;Ilham Berrada;male;
ioan;Ioan Marius Bilasco;male;
ioannis;Ioannis Partalas;male;
islem;Islem Denden;male;
ismail;Ismail Kassou;male;
israël-césar;Israël-César Lerman;male;
issam;Issam Falih;male;
iuri;Iuri D. Nogueira;male;
iwo;Iwo Doboszewski;male;
jacky;Jacky Montmain;male;
jacques;Jacques Chauché;male;
jacques-henri;Jacques-Henri Sublemontier;male;
jannaï;Jannaï Tokotoko;male;
jason;Jason Vallet;male;
jean;Jean Lieber;male;
jean-baptiste;Jean-Baptiste Bohuon;male;
jean-benoît;Jean-Benoît Griesner;male;
jean-charles;Jean-Charles Lamirel;male;
jean-claude;Jean-Claude Léon;male;
jean-daniel;Jean-Daniel Zucker;male;
jean-emile;Jean-Emile Symphor;male;
jean-françois;Jean-François Boulicaut;male;
jean-gabriel;Jean-Gabriel Ganascia;male;
jean-hugues;Jean-Hugues Chenot;male;
jean-jacques;Jean-Jacques Schneider;male;
jean-louis;Jean-Louis Ermine;male;
jean-luc;Jean-Luc Peiry;male;
jean-marc;Jean-Marc Petit;male;
jean-marie;Jean-Marie Favreau;male;
jean-michel;Jean-Michel Cauvin;male;
jean-paul;Jean-Paul Barthès;male;
jean-philippe;Jean-Philippe Métivier;male;
jean-pierre;Jean-Pierre Cahier;male;
jean-robert;Jean-Robert Kala Kamdjoug;male;
jean-roch;Jean-Roch Meurisse;male;
jean-stéphane;Jean-Stéphane Bailly;male;
jean-yves;Jean-Yves Blaise;male;
jerry;Jerry Lonlac;male;
jerzy;Jerzy Korczak;male;
jesús;Jesús S. Aguilar-Ruiz;male;
jihem;Jihem Rezgui;male;
jim;Jim Hendler;male;
johann;Johann Daigremont;male;
johannes;Johannes Heinecke;male;
john;John Puentes;male;
jonathan;Jonathan Dubois;male;
jordan;Jordan Frery;male;
jorge;Jorge Galicia;male;
jose;Jose M. Joemon;male;
josep;Josep Daunis-i-Estadella;male;
joseph;Joseph Di Martino;male;
josé;José L Balcazar;male;
joão;João Gama;male;
joël;Joël Boulier;male;
juan;Juan David Cruz;male;
juan-manuel;Juan-Manuel Torres-Moreno;male;
jules;Jules Chevalier;male;
julien;Julien Velcin;male;
julio;Julio Cesar Dos Reis;male;
jun;Jun Jo;male;
juraj;Juraj Macko;male;
jérémie;Jérémie Sublime;male;
jérémy;Jérémy Sanhes;male;
jérôme;Jérôme Azé;male;
kafil;Kafil Hajlaoui;male;
kaixun;Kaixun Hua;male;
kamel;Kamel Smaïli;male;
karim;Karim Benouaret;male;
kavé;Kavé Salamatian;male;
kevin;Kevin Dalleau;male;
khaled;Khaled Khelif;male;
khalid;Khalid Benabdeslem;male;
khalil;Khalil Laghmari;male;
khanh-chuong;Khanh-Chuong Duong;male;
konstantin;Konstantin Todorov;male;
kouhei;Kouhei Takemoto;male;
kutluhan;Kutluhan Kemal Pak;male;
kévin;Kévin Saint-Paul;male;
l'hédi;L'Hédi Zaher;male;
lahcen;Lahcen Koutti;male;
lakhdar;Lakhdar Sais;male;
lamine;Lamine Diop;male;
lassaâd;Lassaâd Mejri;male;
laszlo;Laszlo Szathmary;male;
laurent;Laurent Candillier;male;
lazhar;Lazhar Labiod;male;
leoncio;Leoncio Jiménez;male;
liming;Liming Chen;male;
lionel;Lionel Martin;male;
livio;Livio De Luca;male;
loic;Loic Martin;male;
lotfi;Lotfi Lakhal;male;
lougmiri;Lougmiri Zekri;male;
louis;Louis Ferré;male;
louis-alexandre;Louis-Alexandre Celton;male;
louis-victor;Louis-Victor Pasquier;male;
loïc;Loïc Mabit;male;
luc;Luc De Raedt;male;
lucas;Lucas Létocart;male;
luciano;Luciano Gervasoni;male;
ludovic;Ludovic Lebart;male;
luigi;Luigi Lancieri;male;
lyes;Lyes Benamsili;male;
m.;M. Nidhal Jelassi;male;
madenda;Madenda Sarifuddin;male;
maher;Maher Jaoua;male;
mahfoud;Mahfoud Bala;male;
malek;Malek Hajjem;male;
manel;Manel Boumghar;male;
manuel;Manuel Zacklad;male;
manuele;Manuele Kirsh-Pinheiro;male;
marc;Marc Boullé;male;
marc-ismaël;Marc-Ismaël Akodjènou-Jeannin;male;
marcin;Marcin Detyniecki;male;
marco;Marco Attene;male;
mario;Mario Cataldi;male;
marius;Marius Barctus;male;
mark;Mark Larsen;male;
marouen;Marouen Kachroudi;male;
martial;Martial Phélippé-Guinvarc'h;male;
marwan;Marwan Batrouni;male;
masaharu;Masaharu Hirota;male;
masaki;Masaki Endo;male;
massih-reza;Massih-Reza Amini;male;
mathias;Mathias Géry;male;
mathieu;Mathieu Roche;male;
matthias;Matthias Studer;male;
matthieu;Matthieu Exbrayat;male;
mauro;Mauro Gaio;male;
max;Max Chevalier;male;
maxime;Maxime Lefrançois;male;
md;Md Shadman Rafid;male;
md.;Md. Haidar Sharif;male;
mehdi;Mehdi Kaytoue;male;
menaouer;Menaouer Brahami;male;
michael;Michael Ley;male;
michaël;Michaël Aupetit;male;
michel;Michel Buffa;male;
mickaël;Mickaël Coustaty;male;
miguel;Miguel Couceiro;male;
mimoun;Mimoun Malki;male;
moditha;Moditha Hewasinghage;male;
modou;Modou Gueye;male;
moez;Moez Baccouche;male;
mohamad;Mohamad Dbouk;male;
mohamed;Mohamed Nadif;male;
mohamed-foued;Mohamed-Foued Sriti;male;
mohammad;Mohammad Ghoniem;male;
mohammed;Mohammed Ramdani;male;
mohand;Mohand Boughanem;male;
mohand-said;Mohand-Said Hacid;male;
mohcine;Mohcine Maghfour;male;
mokrane;Mokrane Bouzeghoub;male;
mondher;Mondher Maddouri;male;
morgan;Morgan Mathiaut;male;
morten;Morten Middelfart;male;
mory;Mory Ouattara;male;
mostafa;Mostafa Hanoune;male;
mostéfa;Mostéfa Mokaddem;male;
mouhamadou;Mouhamadou Thiam;male;
mouloud;Mouloud Kharoune;male;
mounir;Mounir Dhibi;male;
mourad;Mourad Oussalah;male;
moussa;Moussa Lo;male;
moustafa;Moustafa Bensafi;male;
murat;Murat Ahat;male;
musab;Musab Bairat;male;
mustapha;Mustapha Lebbah;male;
nabil;Nabil Benayadi;male;
nacim;Nacim Ihaddadene;male;
nader;Nader Hassine;male;
nadjim;Nadjim Chelghoum;male;
najeh;Najeh Naffakhi;male;
nathanaël;Nathanaël Kasoro;male;
nhan;Nhan Le Thanh;male;
nhat-quang;Nhat-Quang Doan;male;
nicolas;Nicolas S. Müller;male;
nischal;Nischal Verma;male;
nistor;Nistor Grozavu;male;
nizar;Nizar Messai;male;
noel;Noel Novelli;male;
noorani;Noorani Bakerally;male;
norbert;Norbert Feron;male;
nourdine;Nourdine Badji;male;
noureddine;Noureddine Yacine Nair Benrekia;male;
nourredine;Nourredine Aliane;male;
noël;Noël Crespi;male;
olivier;Olivier Parisot;male;
ollivier;Ollivier Haemmerlé;male;
omar;Omar Boussaid;male;
"ond&#711;rej";"Ond&#711;rej Šváb-Zamazal";male;
oscar;Oscar Corcho;male;
osmar;Osmar R. Zaïane;male;
oswaldo;Oswaldo Castillo;male;
otman;Otman Manad;male;
oualid;Oualid Benyahia;male;
oumar;Oumar Sy;male;
ousmane;Ousmane Djanga;male;
oussama;Oussama Mokeddem;male;
paolo;Paolo Simonetto;male;
pascal;Pascal Poncelet;male;
patrice;Patrice Buche;male;
patrick;Patrick Gallinari;male;
pau;Pau Origoni;male;
paul;Paul Richard;male;
pavel;Pavel Arapov;male;
peter;Peter Sturm;male;
pham;Pham Dinh Tao;male;
philippe;Philippe Lenca;male;
philippe-henri;Philippe-Henri Gosselin;male;
phillipe;Phillipe Lamarre;male;
phuc-hiep;Phuc-Hiep Luong;male;
pierre;Pierre Gançarski;male;
pierre-alain;Pierre-Alain Laur;male;
pierre-antoine;Pierre-Antoine Papon;male;
pierre-edouard;Pierre-Edouard Portier;male;
pierre-emmanuel;Pierre-Emmanuel Jouve;male;
pierre-françois;Pierre-François Marteau;male;
pierre-loup;Pierre-Loup Barazzutti;male;
pierre-nicolas;Pierre-Nicolas Mougel;male;
pierre-paul;Pierre-Paul Couka;male;
pierre-rené;Pierre-René Lhérisson;male;
pierrick;Pierrick Bruneau;male;
quang;Quang Nguyen;male;
quang-thang;Quang-Thang Dinh;male;
quentin;Quentin Brabant;male;
quyet-thang;Quyet-Thang Le;male;
r.;R. Trinquart;male;
rabah;Rabah Mazouzi;male;
rabie;Rabie Saidi;male;
rabih;Rabih Taleb;male;
rachid;Rachid El Meziane;male;
radhouane;Radhouane Guermazi;male;
rafik;Rafik Abdesselam;male;
raja;Raja Chiky;male;
rami;Rami BELKAROUI;male;
raphaël;Raphaël Feraud;male;
renaud;Renaud Hostache;male;
rene;Rene Quiniou;male;
rené-michel;René-Michel Faure;male;
reynald;Reynald Eugenie;male;
riadh;Riadh Ben Messaoud;male;
ricardo;Ricardo Baeza-Yates;male;
ricco;Ricco Rakotomalala;male;
richard;Richard Chbeir;male;
robert;Robert Laurini;male;
roberto;Roberto Marroquin;male;
robin;Robin Brochier;male;
rodolphe;Rodolphe Priam;male;
roland;Roland Kotto-Kombi;male;
romain;Romain Guigourès;male;
ronan;Ronan Fablet;male;
rostand;Rostand Affogbolo;male;
ruggero;Ruggero G. Pensa;male;
rushed;Rushed Kanawati;male;
régis;Régis Gras;male;
rémi;Rémi Lehn;male;
rémy;Rémy Kessler;male;
saaid;Saaid Baraty;male;
sabeur;Sabeur Aridhi;male;
sadok;Sadok Ben Yahia;male;
said;Said Jabbour;male;
salvatore-antoine;Salvatore-Antoine Tabbone;male;
sami;Sami Faiz;male;
samir;Samir Amir;male;
samuel;Samuel Phan;male;
samy;Samy Ait-Bachir;male;
sandro;Sandro Bimonte;male;
santo;Santo Fortunato;male;
saso;Saso Dzeroski;male;
saïd;Saïd Karouach;male;
seifeddine;Seifeddine Mechti;male;
selim;Selim Mimaroglu;male;
serge;Serge Fenet;male;
sergei;Sergei O. Kuznetsov;male;
sergio;Sergio Rodrigues de Morais;male;
sergiu;Sergiu Theodor Chelcea;male;
shigeru;Shigeru Takano;male;
shin’ichi;Shin’Ichi Satoh;male;
shohei;Shohei Yokoyama;male;
sileye;Sileye O. Ba;male;
simon;Simon Marcellin;male;
sofian;Sofian Maabout;male;
sofiane;Sofiane Ben Amor;male;
stan;Stan Matwin;male;
stanislas;Stanislas Lew;male;
stavrakas;Stavrakas Yannis;male;
stefan;Stefan Trausan-Matu;male;
stefano;Stefano Perabò;male;
stephan;Stephan Bernard;male;
stéfan;Stéfan Jacques Darmoni;male;
stéphane;Stéphane Lallich;male;
sujeevan;Sujeevan Aseervatham;male;
sylvain;Sylvain Ferrandiz;male;
sènami;Sènami C Fréjus Ahomagnon;male;
sébastien;Sébastien Derivaux;male;
tahar;Tahar Kechadi;male;
taimur;Taimur Qureshi;male;
takao;Takao Miura;male;
takeaki;Takeaki Uno;male;
talel;Talel Abdesssalem;male;
taoufik;Taoufik Yeferny;male;
tarek;Tarek Hamrouni;male;
tarn;Tarn Duong;male;
ted;Ted Gueniche;male;
teddy;Teddy Turmeaux;male;
teh;Teh Amouh;male;
thabet;Thabet Slimani;male;
thanh-nghi;Thanh-Nghi Do;male;
thanh-trung;Thanh-Trung Van;male;
thierno;Thierno Diallo;male;
thierry;Thierry Urruty;male;
thomas;Thomas Guyet;male;
tianyang;Tianyang Liu;male;
tias;Tias Guns;male;
tim;Tim Van de Cruys;male;
toader;Toader Gherasim;male;
tomàs;Tomàs Aluja-Banet;male;
tony;Tony Bourdier;male;
toon;Toon Calders;male;
torben;Torben Bach Pedersen;male;
torsten;Torsten Schaub;male;
troullinos;Troullinos Michalis;male;
tsitsanis;Tsitsanis Anastasios;male;
tugdual;Tugdual Sarazin;male;
tuong-vinh;Tuong-Vinh Truong;male;
usama;Usama M. Fayyad;male;
valentin;Valentin Loux;male;
valeriu;Valeriu Cornea;male;
valery;Valery Teguiak;male;
van-hoa;Van-Hoa Nguyen;male;
vasile-marian;Vasile-Marian Scuturici;male;
victor;Victor Codocedo;male;
viet;Viet Phan Luong;male;
vincent;Vincent Lemaire;male;
vladislav;Vladislav Matviico;male;
wagner;Wagner Meira Jr;male;
wajdi;Wajdi Dhifli;male;
walid;Walid Erray;male;
wassim;Wassim Khaskhoussi;male;
wilfried;Wilfried Despagne;male;
william;William Raynaut;male;
willy;Willy Ugarte;male;
xavier;Xavier Dolques;male;
xiaoyue;Xiaoyue Ma;male;
xuan-hiep;Xuan-Hiep Huynh;male;
yacine;Yacine Sam;male;
yahia;Yahia Slimani;male;
yahya;Yahya Slimani;male;
yakoub;Yakoub Salhi;male;
yann;Yann Dauxais;male;
yannick;Yannick Toussaint;male;
yassine;Yassine Benabbas;male;
yelen;Yelen Per;male;
yeow;Yeow Wei Choong;male;
yoan;Yoan Chabot;male;
yoann;Yoann Pitarch;male;
yoanne;Yoanne Didry;male;
youcef;Youcef Bouziane;male;
younes;Younes Abid;male;
younès;Younès Bennani;male;
youssef;Youssef Hadi;male;
yudi;Yudi Augusta;male;
yuichiro;Yuichiro Kase;male;
yves;Yves Lechevallier;male;
zahi;Zahi Jarir;male;
zahir;Zahir Maazouzi;male;
zaia;Zaia Alimazighi;male;
zakaria;Zakaria Boulouard;male;
zaïdi;Zaïdi Sahnoun;male;
zbigniew;Zbigniew W. Ras;male;
ziad;Ziad Mansouri;male;
zoltan;Zoltan Miklos;male;
éric;Éric Gaussier;male;
étienne-cuvelier;Étienne-Cuvelier;male;
abir;Abir Saïd;female;
adeline;Adeline Nazarenko;female;
adina;Adina Magda Florea;female;
adriana;Adriana Prado;female;
afef;Afef Zenned;female;
agnès;Agnès Braud;female;
ahlame;Ahlame Douzal-Chouakria;female;
ahlem;Ahlem Othmani;female;
aichetou;Aichetou Bouchareb;female;
alexandra;Alexandra Degeest;female;
alexandrina;Alexandrina Rogozan;female;
alice;Alice Marascu;female;
alina;Alina Dia Miron;female;
aline;Aline Deruyver;female;
alpha;Alpha Diallo;female;
alzennyr;Alzennyr Da Silva;female;
amandine;Amandine Duffoux;female;
amira;Amira Oussalah;female;
amélie;Amélie Cordier;female;
ana;Ana Simonet;female;
anastasiya;Anastasiya Yurchyshyna;female;
anh;Anh Phuc Trinh;female;
anna;Anna Kolomoyskaya;female;
annabelle;Annabelle Boutet;female;
anne;Anne Laurent;female;
anne-elisabeth;Anne-Elisabeth Laques;female;
anne-lise;Anne-Lise Huyet;female;
anne-marie;Anne-Marie Vercoustre;female;
anne-sophie;Anne-Sophie Libert;female;
annick;Annick Castiaux;female;
annie;Annie Morin;female;
annig;Annig Le Parc - Lacayrelle;female;
anouck;Anouck Bodin-Niemczuk;female;
ansaf;Ansaf Salleb-Aouissid;female;
armelle;Armelle Brun;female;
asma;Asma Ben Achour;female;
aude;Aude Beauger;female;
audrey;Audrey Baneyx;female;
augusta;Augusta Mela;female;
aurélie;Aurélie Bertaux;female;
aïcha;Aïcha El Golli;female;
barbara;Barbara Poulain;female;
baya;Baya Naouel Barigou;female;
bernadette;Bernadette Bouchon-Meunier;female;
besma;Besma Khalfi;female;
bich-liên;Bich-Liên Doan;female;
bin-hui;Bin-Hui Chou;female;
bissan;Bissan Audeh;female;
blandine;Blandine Comte;female;
boutheina;Boutheina Ben Yaghlane;female;
brigitte;Brigitte Trousse;female;
béatrice;Béatrice Bouchou;female;
bénédicte;Bénédicte Le Grand;female;
c.;C. Thao;female;
camille;Camille Kurtz;female;
carine;Carine Hue;female;
caroline;Caroline Collet;female;
catherine;Catherine Faron-Zucker;female;
cecilia;Cecilia Zanni;female;
celine;Celine Robardet;female;
chahrazed;Chahrazed Bouhini;female;
chantal;Chantal Reynaud;female;
chiraz;Chiraz Latiri;female;
christel;Christel Vrain;female;
christelle;Christelle Vangenot;female;
christiane;Christiane Guinot;female;
christine;Christine Largeron;female;
claire;Claire François;female;
claire-lise;Claire-Lise Mottaz Jiang;female;
clara;Clara Le Guillou;female;
claudia;Claudia Marinica;female;
clémence;Clémence Magnien;female;
clémentine;Clémentine Nebut;female;
coriane;Coriane Nana Jipmo;female;
corinne;Corinne Mandin;female;
cristina;Cristina Tîrnauca;female;
cyrine;Cyrine Nasri;female;
cássia;Cássia Trojahn dos Santos;female;
cécile;Cécile Favre;female;
célia;Célia Da Costa Pereira;female;
céline;Céline Fiot;female;
dahbia;Dahbia Semani;female;
dana;Dana Popovici;female;
danielle;Danielle Boulanger;female;
danièle;Danièle Hérin;female;
delphine;Delphine Bernhard;female;
dhouha;Dhouha Grissa;female;
dhouha-grissa;Dhouha-Grissa;female;
dima;Dima Mufti-Alchawafa;female;
domoina;Domoina Rabarijaona;female;
dorra;Dorra Ben Ayed Mezghanni;female;
edwige;Edwige Fangseu Badjio;female;
ekaterina;Ekaterina Simonenko;female;
elena;Elena Cabrio;female;
elisa;Elisa Fromont;female;
elisabeth;Elisabeth Métais;female;
elise;Elise Desmier;female;
eloïse;Eloïse Loubier;female;
elsa;Elsa Negre;female;
elvira;Elvira Romano;female;
emilie;Emilie Guimier De Neef;female;
emmanuelle;Emmanuelle Claeys;female;
emna;Emna Bahri;female;
estelle;Estelle Delpech;female;
esther;Esther Galbrun;female;
eunika;Eunika Mercier-Laurent;female;
ewa;Ewa Kijak;female;
eya;Eya Ben Ahmed;female;
fadhela;Fadhela Kerdjoudj;female;
fadila;Fadila Bentayeb;female;
fadoua;Fadoua Ataa-Allah;female;
faiza;Faiza Ghozzi;female;
fanny;Fanny Chevalier;female;
faouzia;Faouzia Benabbou;female;
farida;Farida Admane;female;
fatiha;Fatiha Saïs;female;
fatima-zahra;Fatima-Zahra Aazi;female;
fatma;Fatma Bouali;female;
fayrouz;Fayrouz Soualah Alila;female;
fazia;Fazia Bellal;female;
florence;Florence Le Ber;female;
fosca;Fosca Giannotti;female;
francesca;Francesca Bugiotti;female;
françoise;Françoise Fessant;female;
frédérique;Frédérique Segond;female;
fundulaki;Fundulaki Irini;female;
gamze;Gamze Saygi;female;
gaële;Gaële Simon;female;
gaëlle;Gaëlle Legrand;female;
ghada;Ghada Landoulsi;female;
guilaine;Guilaine Talens;female;
géraldine;Géraldine Polaillon;female;
hadjer;Hadjer Belaicha;female;
hafida;Hafida Belbachir;female;
hajer;Hajer Baazaoui Zghal;female;
hala;Hala Naja;female;
hana;Hana Alouaoui;female;
hanane;Hanane Azzag;female;
hanen;Hanen Brahmi;female;
hanine;Hanine Hamzioui;female;
hassina;Hassina Mouloudi;female;
haïfa;Haïfa Zargayouna;female;
hela;Hela Masmoudi;female;
helen;Helen Purchase;female;
hosna;Hosna Ouni;female;
houda;Houda Fyad;female;
hélène;Hélène Jaudoin;female;
ibtissem;Ibtissem Cherni;female;
imen;Imen Brahmi;female;
imène;Imène Brigui-Chtioui;female;
ines;Ines Fayech;female;
inès;Inès Saad;female;
ioanna;Ioanna Giannopoulou;female;
iona;Iona Vasilescu;female;
irina;Irina Diana Coman;female;
isabelle;Isabelle Mougenot;female;
ivonne;Ivonne Trebs;female;
iwona;Iwona Dudek;female;
jessica;Jessica Pinaire;female;
jihen;Jihen Majdoubi;female;
jocelyne;Jocelyne Tremenbert;female;
josiane;Josiane Mothe;female;
julie;Julie Bernauer;female;
juliette;Juliette Dibie-Barthélemy;female;
justine;Justine Reynaud;female;
karima;Karima Dhouib;female;
karine;Karine Zeitouni;female;
karla;Karla Lopez;female;
katerina;Katerina Tsesmeli;female;
katharina;Katharina Morik;female;
kenza;Kenza Kellou-Menouer;female;
khaoula;Khaoula Mahmoudi;female;
khedija;Khedija Arour;female;
kheira;Kheira Mechach;female;
laetitia;Laetitia Hédouin;female;
lamia;Lamia Hadrich Belguith;female;
lamis;Lamis Hawarah;female;
laura;Laura Giustarini;female;
laure;Laure Berti-Equille;female;
laurence;Laurence Herbin;female;
le;Le Thi Hoai An;female;
leila;Leila Khouas;female;
lidia;Lidia Rivoli;female;
liliana;Liliana Ibanescu;female;
lina;Lina Fahed;female;
lisa;Lisa Di-Jorio;female;
lobna;Lobna Karoui;female;
louise;Louise Deléger;female;
lucie;Lucie Martinet;female;
lucile;Lucile Sautot;female;
lydia;Lydia Boudjeloud;female;
lylia;Lylia Abrouk;female;
lynda;Lynda Khiali;female;
lynne;Lynne Billard;female;
léa;Léa Laporte;female;
magalie;Magalie Delépine;female;
maguelonne;Maguelonne Teisseire;female;
maha;Maha Amami;female;
maisa;Maisa Cristina Duarte;female;
malika;Malika Charrad;female;
maram;Maram Romdhane;female;
maria;Maria Malek;female;
maria-luisa;Maria-Luisa Damiani;female;
marian-andrei;Marian-Andrei Rizoiu;female;
mariana;Mariana Patricio;female;
marianne;Marianne Huchard;female;
maribel;Maribel Fernández;female;
marie;Marie Agier;female;
marie-aude;Marie-Aude Aufaure;female;
marie-aude-aufaure;Marie-Aude-Aufaure;female;
marie-christine;Marie-Christine Jaulent;female;
marie-françoise;Marie-Françoise Canut;female;
marie-jeanne;Marie-Jeanne Lesot;female;
marie-luce;Marie-Luce Picard;female;
marie-noëlle;Marie-Noëlle Bessagnet;female;
marie-odile;Marie-Odile Cordier;female;
marie-thérèse;Marie-Thérèse Maunoury;female;
mariem;Mariem Mahfoudh;female;
marilys;Marilys Corbex;female;
marinette;Marinette Amirault-Thébault;female;
marion;Marion Moulinou;female;
marlène;Marlène Villanova-Oliver;female;
marta;Marta Franová;female;
martine;Martine Collard;female;
mary;Mary Felkin;female;
maryvonne;Maryvonne Miquel;female;
maylis;Maylis Delest;female;
mehwish;Mehwish Alam;female;
meriem;Meriem Amina Zingla;female;
meryem;Meryem Talha;female;
mihaela;Mihaela Scuturici;female;
minh;Minh Thu Tran Nguyen;female;
minyar;Minyar Sassi-Hidri;female;
mira;Mira Abboud;female;
mireille;Mireille Mousseau;female;
mojdeh;Mojdeh Soltanmohammadi;female;
monique;Monique Noirhomme-Fraiture;female;
mouna;Mouna Kamel;female;
mounia;Mounia Lalmas;female;
mounira;Mounira Harzallah;female;
myriam;Myriam Maumy-Bertrand;female;
mélanie;Mélanie Courtine;female;
nacéra;Nacéra Bennacer;female;
nada;Nada Matta;female;
nadia;Nadia Essoussi;female;
nadine;Nadine Baptiste-Jessel;female;
najoua;Najoua Essoukri Ben Amara;female;
naouel;Naouel Barigou;female;
narjes;Narjes Doggaz;female;
narjès;Narjès Bellamine Ben Saoud;female;
natalia;Natalia Grabar;female;
nathalie;Nathalie Pernelle;female;
natima;Natima Singla;female;
nawal;Nawal Guermouche;female;
nazha;Nazha Selmaoui-Folcher;female;
ndeye;Ndeye Niang;female;
nedra;Nedra Mellouli;female;
nesrine;Nesrine Gabsi;female;
nguyen-khang;Nguyen-Khang Pham;female;
nicole;Nicole Vincent;female;
nicoleta;Nicoleta Rogovschi;female;
nida;Nida Meddouri;female;
niña;Niña Kerry;female;
nongyao;Nongyao Mueangdee;female;
nouha;Nouha Othman;female;
noura;Noura Bouzrara;female;
nouria;Nouria Harbi;female;
oana;Oana Andrei;female;
olfa;Olfa Allani;female;
oriane;Oriane Matte-Tailliez;female;
oumaima;Oumaima Alaoui Ismaili;female;
paola;Paola Salle;female;
papantoniou;Papantoniou Katerina;female;
pascale;Pascale Kuntz;female;
patricia;Patricia Conde-Céspedes;female;
paula;Paula Brito;female;
peggy;Peggy Cellier;female;
perrine;Perrine Pittet;female;
prem;Prem Kumar Casimir;female;
rabia;Rabia Azzi;female;
radhia;Radhia Ben Hamed;female;
radja;Radja Messai;female;
rahma;Rahma Cherif;female;
rakia;Rakia Jaziri;female;
rallou;Rallou Thomopoulos;female;
rania;Rania Gasri;female;
reda;Reda Mohamed Hamou;female;
rena;Rena Nemoto;female;
renata;Renata Ghisloti;female;
rim;Rim Faiz;female;
rokia;Rokia Bendaoud;female;
rosanna;Rosanna Verde;female;
rosanne;Rosanne Vetro;female;
rose;Rose Dieng-Kuntz;female;
rosine;Rosine Cicchetti;female;
sabiha;Sabiha Tahrat;female;
sabine;Sabine Loudcher;female;
salima;Salima Benbernou;female;
salma;Salma Chaieb;female;
samah;Samah Reguigui;female;
sameh;Sameh Megrhi;female;
samira;Samira Hammiche;female;
sandra;Sandra Bringay;female;
sandy;Sandy Maumus;female;
saoussen;Saoussen Sakji;female;
sarah;Sarah Cohen Boulakia;female;
sarra;Sarra Bouzayane;female;
sathya;Sathya Prabhu Kumar;female;
sayda;Sayda Elmi;female;
schahrazed;Schahrazed Zeghache;female;
siham;Siham Boulaknadel;female;
siwar;Siwar Zribi Boujelbene;female;
sonia;Sonia Djebali;female;
souhir;Souhir Gahbiche;female;
soumia;Soumia Melzi;female;
sterenn;Sterenn Liberge;female;
stéphanie;Stéphanie Chapaux;female;
suela;Suela Isaj;female;
suzanne;Suzanne Pinson;female;
sylvaine;Sylvaine Le Minor;female;
sylvie;Sylvie Guillaume;female;
sylwia;Sylwia Ozdowska;female;
séverine;Séverine Kirchner;female;
tao-yuan;Tao-Yuan Jen;female;
tassadit;Tassadit Bouadi;female;
the;The Anh Dang;female;
thi-bich-hanh;Thi-Bich-Hanh Dao;female;
thi-bich-ngoc;Thi-Bich-Ngoc Hoang;female;
thérèse;Thérèse Libourel;female;
tita;Tita Kyriacopoulou;female;
tova;Tova Milo;female;
trinh;Trinh Minh Tri Do;female;
tuyet-tram;Tuyet-Tram Dang-Ngoc;female;
valentina;Valentina Ceausu;female;
valérie;Valérie Beaudouin;female;
vanda;Vanda Luengo;female;
victoria;Victoria Eugenia Ospina;female;
violaine;Violaine Antoine;female;
virginie;Virginie Lefort;female;
vivien;Vivien Kraus;female;
véronique;Véronique Delcroix;female;
wahiba;Wahiba Ben Abdessalem Karaa;female;
wedjene;Wedjene Khiari;female;
wided;Wided Souidène;female;
wissam;Wissam Siblini;female;
xinyu;Xinyu Wang;female;
yasmine;Yasmine Mesbahi;female;
yousra;Yousra Chabchoub;female;
zahra;Zahra Kebaili;female;
zaineb;Zaineb Chelly Dagdia;female;
zakia;Zakia Kazi Aoul;female;
zina;Zina Bouattou;female;
zohra;Zohra Bellahsene;female;
zoubida;Zoubida Kedad;female;
zoulikha;Zoulikha Heddadji;female;
